TF,pyscenic_present,pyscenic_n_targets,pyscenic_top_3_targets,scprint2_present,scprint2_n_targets,scprint2_top_3_targets,perturb_present,perturb_n_targets,perturb_top_3_targets,in_all_three,shared_across_methods,total_methods
ARID3A,Yes,15,"APPL2, ARHGAP1, ARHGEF7",Yes,150,"ADAM17, AFG3L2, AIMP2",Yes,12,"APEH, CAMK2D, CD27",True,Yes,3
ATF3,Yes,362,"AASDHPPT, ABHD11-AS1, ABHD2",Yes,52,"ANKRD40, APOL6, BRI3",Yes,5,"CDKN2D, EBP, IL1RN",True,Yes,3
BACH1,Yes,13,"CD4, CEBPB, CEPT1",Yes,398,"AATF, ABHD14B, ACADM",Yes,3,"HMOX1, ID1, ZNF850",True,Yes,3
BACH2,Yes,131,"ADAL, ADAMTS6, AKT2",Yes,454,"ABCE1, ACSL5, ACTN4",Yes,16,"CBFB, CISH, DPP4",True,Yes,3
BRF2,Yes,39,"ADGRE5, AK3, DLGAP4",Yes,7,"COPRS, GMFB, MDM2",Yes,1,TRAF7,True,Yes,3
E2F1,Yes,382,"AAAS, ABHD12, ABHD14A",Yes,5,"MAP1LC3A, RHBDD2, S1PR2",Yes,325,"ABCB7, ABCC1, ADAM8",True,Yes,3
EGR1,Yes,120,"ADAM23, ADARB1, ADNP",Yes,1304,"AAK1, AATF, ABCE1",Yes,3,"PTPN22, TBRG4, UBE3A",True,Yes,3
EGR2,Yes,103,"ADAM23, AHDC1, ALAS1",Yes,3,"CISD1, FOXB1, ZNF501",Yes,658,"ABHD10, ABHD14B, ACADM",True,Yes,3
EGR3,Yes,57,"AK1, ARID2, ATG2B",Yes,1,NR1H3,Yes,32,"ABCA2, ACAP2, ACVR1B",True,Yes,3
ELF4,Yes,29,"ACACA, AGFG1, ATL3",Yes,2,"MITD1, RAD23A",Yes,72,"ACTN1, AGPAT2, ANXA11",True,Yes,3
ERF,Yes,177,"AAK1, ABHD5, ABL1",Yes,1200,"AAK1, ABCF2, ABHD14B",Yes,36,"AFAP1, AIM2, AOAH",True,Yes,3
ETS2,Yes,37,"ACVR1, BBC3, CALCOCO1",Yes,1,RGS2,Yes,3,"FAR1, JAG1, VAMP7",True,Yes,3
FOSL1,Yes,341,"ABCC1, ACSL3, ACTA2",Yes,96,"ADRB2, ALG13, ANXA2R",Yes,2,"CCDC85B, LDLR",True,Yes,3
FOXP3,Yes,96,"ACTA2, AHNAK, AKAP8",Yes,3,"CHMP1A, PAFAH1B1, SH3BGRL",Yes,6,"ANAPC4, B3GNTL1, CTNNBL1",True,Yes,3
GABPA,Yes,71,"ADNP2, ANKRD9, BET1L",Yes,318,"ACAP1, ACTG1, ACTR1A",Yes,147,"ADSL, AGMAT, ALOX5AP",True,Yes,3
GMEB1,Yes,6,"CD36, GOLGA8B, PAQR8",Yes,153,"ABHD14B, ACADM, ACIN1",Yes,677,"AASDHPPT, ABCA5, ABCB6",True,Yes,3
HES6,Yes,11,"ALOX12-AS1, MYOM2, NTRK1",Yes,14,"CCDC85B, CHSY1, EXOC3",Yes,1,NMB,True,Yes,3
HOXB2,Yes,27,"AARS2, AREL1, CCNJ",Yes,2,"CBX5, TMX2",Yes,111,"ABAT, ABCG1, ADAM15",True,Yes,3
IRF1,Yes,213,"ALPK1, ANKFY1, ANKRD22",Yes,230,"ALG5, ALYREF, ANKRD39",Yes,258,"ABCA3, ACE, ACP5",True,Yes,3
IRF4,Yes,141,"ADAMTSL4, ADCY7, AHDC1",Yes,21,"BACH1, CAMKK2, CCNE1",Yes,396,"ABI3, ACSL5, ACTN1",True,Yes,3
IRF5,Yes,41,"ANKRD44-IT1, ANKRD9, ARID1B",Yes,28,"AAMP, AGFG1, AGPS",Yes,2,"CAPN3, MAPKAPK2",True,Yes,3
IRF8,Yes,6,"BACH2, C2ORF27A, GFOD1",Yes,30,"AHCY, ATP6V0A2, CARD16",Yes,59,"ACSL6, ADCY3, ADGRE5",True,Yes,3
KLF13,Yes,259,"ABAT, ACACB, ACSL5",Yes,135,"ABCF1, ABRACL, ACP1",Yes,27,"AIF1, ANKRD13B, APOBEC3B",True,Yes,3
KLF2,Yes,16,"ADD3, APOLD1, ARHGEF3",Yes,40,"AGMAT, ANKRD40, ASPHD2",Yes,674,"AAGAB, ABCA2, ABCC1",True,Yes,3
KLF6,Yes,717,"ABAT, ABHD13, ABHD17A",Yes,7,"OST4, RPL22, RPL27A",Yes,5,"DACT1, DYNC1I2, EDA",True,Yes,3
KLF9,Yes,5,"B3GNTL1, GPA33, NEURL1",Yes,64,"ADAP1, AGPAT5, BCL2L12",Yes,6,"ASXL1, DCHS1, FAF2",True,Yes,3
MAFG,Yes,24,"ABTB2, ADAMTS6, CAB39L",Yes,108,"ANAPC5, ANP32A, AP2S1",Yes,2,"NQO1, PYCR1",True,Yes,3
MEF2A,Yes,14,"AIFM1, ANO6, CADM1",Yes,9,"BACH2, ENOPH1, EPS8L2",Yes,5,"IL2, MOSPD3, SQSTM1",True,Yes,3
MYC,Yes,791,"AAR2, ACACA, ACSL1",Yes,8,"CDK9, DPM2, FPGS",Yes,415,"ABCC4, ACACA, ACBD3",True,Yes,3
NFKB2,Yes,452,"AAMP, ABCC10, ABCC5",Yes,23,"ACTR3, ARPC4, BSG",Yes,696,"ABCA5, ABCC1, ABCD2",True,Yes,3
NR2C2,Yes,50,"ABHD8, ANKRD9, ASCL2",Yes,1,CCNE1,Yes,374,"ABHD12, ABHD4, ACAA2",True,Yes,3
PKNOX1,Yes,9,"DNAJC25, FAM13B, FAM168A",Yes,1,ATF5,Yes,353,"ACAP2, ACOT8, ACTN1",True,Yes,3
REL,Yes,282,"ABHD11, ACSL6, ACTR3C",Yes,14,"BCL2, C8ORF33, COA6",Yes,57,"ABTB2, AGPAT4, ALDH5A1",True,Yes,3
RFX2,Yes,151,"ABHD11-AS1, AGR2, ALDH1L1",Yes,434,"ACOT9, ADAP1, ADD3",Yes,4,"CCDC12, CNOT3, CXCL10",True,Yes,3
RFX5,Yes,92,"ABI1, ACBD5, ADAT2",Yes,3,"CREB3, FUBP3, PDIA3",Yes,16,"BTN2A1, BTN2A2, BTN3A1",True,Yes,3
SETBP1,Yes,34,"ADGRG1, AHCTF1, ARHGAP26",Yes,5,"ARPP19, CHAC1, CLN6",Yes,1,ING2,True,Yes,3
SREBF1,Yes,46,"ACVR1, APBA3, ARFGAP3",Yes,3364,"AAGAB, AAK1, AAMP",Yes,42,"AIMP2, BDH1, CCT5",True,Yes,3
SREBF2,Yes,230,"ABI1, ACAT2, ADAL",Yes,1,TARBP2,Yes,56,"ACAT2, BTAF1, CCL4",True,Yes,3
SRF,Yes,127,"ADAT1, AGPAT5, AKIP1",Yes,11,"ANKRD40, ATF5, ENTPD6",Yes,648,"AASDHPPT, ABCB6, ABCE1",True,Yes,3
TCF12,Yes,35,"ANKMY1, C1ORF198, CD86",Yes,1,ZNF440,Yes,3,"G0S2, SALL2, ZBTB16",True,Yes,3
TEAD4,Yes,55,"AATF, AKR1A1, BDH1",Yes,2,"MTMR6, RITA1",Yes,33,"AAMP, DYRK2, EPM2AIP1",True,Yes,3
TFCP2,Yes,42,"AAAS, AKAP7, ARHGAP27",Yes,55,"ALDH18A1, ALDH1B1, CCL20",Yes,1,AQP3,True,Yes,3
TFEB,Yes,5,"GNAO1, HIVEP1, PER2",Yes,538,"AATF, ABHD14B, ABT1",Yes,1,CTSW,True,Yes,3
VDR,Yes,11,"B9D2, C20ORF194, CD79B",Yes,3,"ILF3, SH3BGRL, WSB2",Yes,1,TMEM106C,True,Yes,3
YBX1,Yes,24,"ATP5E, CALR, CFL1",Yes,3504,"AAGAB, AAK1, AAR2",Yes,150,"ACTG1, ADAM8, AHCY",True,Yes,3
ZBTB14,Yes,19,"ACVR1, BRE, C9ORF40",Yes,13,"ACLY, CTLA4, DKC1",Yes,151,"ABI2, ACADVL, ADAM9",True,Yes,3
ZBTB39,Yes,20,"ALDH3A2, AXIN1, BCL2L14",Yes,9,"EEFSEC, ERAL1, NACC1",Yes,204,"ABCA2, ABCC1, ABHD4",True,Yes,3
ZBTB7B,Yes,17,"ABCA1, CPLX1, GJB2",Yes,109,"AK4, ARL4A, ASB1",Yes,3,"KRI1, NSMF, STRN4",True,Yes,3
ZFP82,Yes,6,"ABCD4, ARHGAP31, CADM1",Yes,9,"DGCR6L, GATA1, HSPB1",Yes,42,"ATF7IP, ATRN, CD320",True,Yes,3
ZNF354C,Yes,26,"AEBP1, AHNAK, AKT3",Yes,2,"CD320, KDSR",Yes,1,CEP192,True,Yes,3
ZNF780A,Yes,27,"AHCY, AMBRA1, ARHGAP27",Yes,1901,"AAGAB, AAMP, AAR2",Yes,7,"C1ORF21, CAPN3, G0S2",True,Yes,3
ZSCAN29,Yes,4,"FUT8, GTPBP10, MSL1",Yes,4,"FHIT, PSMD12, RMND5B",Yes,1,RNPEP,True,Yes,3
ARID3B,No,0,,Yes,104,"ACLY, ANKRD17, ANKRD40",Yes,12,"ADGRG1, CD9, ISG15",False,Yes,2
ATF1,Yes,119,"ABCA5, AGRN, AIG1",No,0,,Yes,4,"GNG8, NQO1, TXNDC17",False,Yes,2
ATF4,Yes,680,"AAR2, AATF, ABI1",No,0,,Yes,1008,"ABCC1, ABCE1, ABHD2",False,Yes,2
ATF5,Yes,156,"ABI1, ADAM9, AGO4",Yes,35,"AGPS, ANAPC15, APOL1",No,0,,False,Yes,2
ATF6,Yes,56,"ADD3, AGPAT1, ANAPC10",No,0,,Yes,3,"CCR3, CHDH, SLC1A4",False,Yes,2
ATF6B,Yes,23,"ACOT8, AREL1, ARHGEF7",No,0,,Yes,32,"BTBD6, BTG2, CALR",False,Yes,2
BATF,Yes,85,"ARID5A, B2M, BCL2L1",No,0,,Yes,916,"ABCA2, ABCC1, ABCE1",False,Yes,2
BATF3,Yes,32,"ADAP1, ADGRG5, CDK6",No,0,,Yes,4,"ATXN2L, CRAMP1, GZMH",False,Yes,2
BCL11A,Yes,75,"AMZ2P1, ARL4C, ATF5",Yes,1016,"ABCF2, ABT1, ACBD6",No,0,,False,Yes,2
BHLHE40,No,0,,Yes,6,"CARS2, CDK7, GSTM3",Yes,2324,"AACS, AARSD1, ABCA3",False,Yes,2
BPTF,Yes,75,"ABL1, ABLIM1, ANK3",No,0,,Yes,676,"ABCA3, ABCB10, ABHD14B",False,Yes,2
CEBPA,Yes,38,"ABLIM1, ACLY, ASCL2",Yes,92,"ADAM15, AKIRIN1, ANKLE2",No,0,,False,Yes,2
CEBPB,Yes,420,"AARS, ABCD3, ABCD4",No,0,,Yes,15,"AACS, AGTRAP, ARHGEF18",False,Yes,2
CLOCK,Yes,43,"ABHD17B, ACVR1, AKIRIN1",No,0,,Yes,8,"CRY1, CRY2, CTSW",False,Yes,2
CREB5,Yes,41,"ATF3, BASP1, CCDC94",Yes,180,"AP1S1, ATF3, B4GALT5",No,0,,False,Yes,2
CSRNP1,No,0,,Yes,4,"CCDC85B, P4HB, RSL24D1",Yes,5,"GORASP1, IL2, IL3",False,Yes,2
CUX1,Yes,34,"ANXA1, ARHGAP24, ATXN1L",No,0,,Yes,26,"AFTPH, ANGEL1, CCL4",False,Yes,2
DDIT3,Yes,109,"AGO3, AHCTF1, ARL4A",No,0,,Yes,4,"KLF12, MBD6, PSD4",False,Yes,2
DEAF1,No,0,,Yes,2778,"AAK1, AAMP, AATF",Yes,27,"AIP, ARL5A, C14ORF119",False,Yes,2
DNTTIP1,No,0,,Yes,122,"AAK1, ACAP1, AIP",Yes,3007,"AAGAB, AAK1, AAMDC",False,Yes,2
E2F3,Yes,143,"ABCB10, ABL1, ACBD5",No,0,,Yes,23,"AAMP, B4GALT5, C8ORF76",False,Yes,2
E2F4,Yes,776,"AASDHPPT, ABI1, ABL1",No,0,,Yes,62,"ACAT1, ALG8, ALOX5AP",False,Yes,2
E2F6,Yes,83,"AAGAB, ACOT2, ACTR5",No,0,,Yes,18,"APOBEC3B, ARFGAP3, ATL3",False,Yes,2
EGR4,Yes,24,"ACP6, ANKRD17, ARL5B",Yes,13,"CKAP4, DUSP23, KATNBL1",No,0,,False,Yes,2
ELF1,Yes,54,"ABR, ARRDC3, ATF7IP",Yes,16,"ADAM15, ARF1, CASP3",No,0,,False,Yes,2
ELK1,Yes,175,"ABHD17B, ACSF3, ACTR6",Yes,16,"BECN1, CFAP97, IGFLR1",No,0,,False,Yes,2
ELK3,Yes,132,"ACAT2, ACO1, ALDH3A2",No,0,,Yes,1,RCN1,False,Yes,2
ELK4,No,0,,Yes,94,"ABRACL, ABT1, ACIN1",Yes,3,"CCR1, TADA3, ZC3H7B",False,Yes,2
ESR2,Yes,13,"ARHGAP15, B3GAT2, C1ORF228",Yes,27,"AGFG1, CALU, DCUN1D1",No,0,,False,Yes,2
ETV2,Yes,20,"AK4, AKAP11, ATN1",No,0,,Yes,32,"C1ORF112, CARHSP1, CDCA3",False,Yes,2
ETV5,Yes,18,"CALU, CNOT6, CSNK2A1",Yes,12,"DYNLL2, FAM228B, FMNL1",No,0,,False,Yes,2
ETV6,Yes,124,"ACVR1, ALDH1A1, ANKFY1",No,0,,Yes,1,GPN1,False,Yes,2
ETV7,Yes,164,"ABHD13, ABHD3, ACBD5",Yes,2,"BAZ1B, SOAT1",No,0,,False,Yes,2
FOS,Yes,265,"ABTB1, ADCK4, AGBL2",No,0,,Yes,1,CTSW,False,Yes,2
FOSB,Yes,12,"ADAM23, ATP10D, BCL2A1",Yes,4412,"AAGAB, AAK1, AAMP",No,0,,False,Yes,2
FOSL2,Yes,178,"ABAT, ABL1, ACTR1B",No,0,,Yes,151,"ABCB6, ACADVL, ADA",False,Yes,2
FOXB1,Yes,18,"AGFG1, APOLD1, BRD4",Yes,907,"AAK1, AARSD1, ABTB1",No,0,,False,Yes,2
FOXJ3,Yes,23,"ABR, CAMK2G, CRIPT",Yes,1,PSMB4,No,0,,False,Yes,2
FOXN2,Yes,8,"ADARB1, CCDC152, CHRM3-AS2",No,0,,Yes,345,"AAGAB, ABHD13, ABI2",False,Yes,2
FOXO1,Yes,36,"ABL2, ADARB1, ATXN7",No,0,,Yes,1494,"ABAT, ABCA2, ABCA3",False,Yes,2
FOXO3,Yes,10,"ACOX1, BBC3, GEM",No,0,,Yes,20,"ACVR2A, AGPAT5, CCNI2",False,Yes,2
FOXO4,Yes,31,"ARHGEF19, ASB6, ASF1A",No,0,,Yes,14,"AP3D1, ARHGAP9, CD63",False,Yes,2
GATA1,Yes,129,"ACYP1, ADA, ADCK3",Yes,259,"AATF, ACTR1B, ADGRE5",No,0,,False,Yes,2
GATA2,Yes,140,"ABCC4, ACTR3B, ADA",Yes,1,OSBPL9,No,0,,False,Yes,2
GATA3,Yes,55,"ADD3, ADGRG1, AHCTF1",No,0,,Yes,1829,"AACS, AAGAB, ABCA2",False,Yes,2
GFI1B,Yes,11,"ALDH1A1, CXCL10, EGFL7",Yes,1728,"AAMP, ABCE1, ABCF1",No,0,,False,Yes,2
GPBP1,No,0,,Yes,4433,"AAGAB, AAK1, AAMP",Yes,8,"CD79B, CMAS, COTL1",False,Yes,2
HEY1,Yes,13,"C9ORF72, CDKN1C, COQ10B",Yes,353,"ACD, ACOT7, ACP2",No,0,,False,Yes,2
HIC1,Yes,17,"APBB1, ARNTL2, BAIAP2",No,0,,Yes,2,"CXCL10, ENC1",False,Yes,2
HIF1A,No,0,,Yes,1,COX7C,Yes,85,"AK4, ALKBH5, ANAPC16",False,Yes,2
HINFP,Yes,14,"CASP8AP2, CTTNBP2, GCNT4",Yes,5,"CTSW, DOCK11, LRRFIP2",No,0,,False,Yes,2
HIVEP3,Yes,38,"ADCY9, BCL2L1, C10ORF54",Yes,17,"ALG8, CD320, EMG1",No,0,,False,Yes,2
HLF,Yes,29,"ACTN1, ANKRD46, AVL9",Yes,28,"ADO, ATXN10, CNOT11",No,0,,False,Yes,2
HSF1,Yes,24,"AHRR, ALDH1A2, ARL17A",No,0,,Yes,2,"BCL6, IL6ST",False,Yes,2
IKZF2,Yes,3,"SKAP2, TMEM171, TNKS1BP1",No,0,,Yes,16,"ANKRD44, ARPC2, BARD1",False,Yes,2
IRF2,Yes,303,"ABCC5, ABHD11, ACP5",No,0,,Yes,203,"ACSS1, ADAM15, ADAR",False,Yes,2
IRF7,Yes,720,"ABCA1, ABHD2, ACAP2",No,0,,Yes,6,"EIF3L, FAM43A, GTF3C1",False,Yes,2
JUN,Yes,541,"AASDH, ABCA13, ABCB1",No,0,,Yes,1,CRYBG1,False,Yes,2
JUNB,Yes,1481,"AAR2, ABCB7, ABCC1",No,0,,Yes,137,"ABTB3, ADGRG1, AEBP2",False,Yes,2
JUND,Yes,423,"ABCA5, ABI3, ABR",No,0,,Yes,57,"ANKRD12, ATP2C1, ATXN1",False,Yes,2
KLF10,Yes,54,"ANKS1B, ANXA5, ARHGAP25",No,0,,Yes,63,"ABAT, ADA2, ANXA1",False,Yes,2
KLF3,Yes,132,"ABHD8, ADARB1, ADCK3",No,0,,Yes,8,"C19ORF12, FBXL16, FSD1L",False,Yes,2
KLF4,Yes,31,"BPIFB1, C20ORF85, CENPM",Yes,134,"ADAM17, AIMP2, ATN1",No,0,,False,Yes,2
MAF,Yes,73,"ANK3, ARHGAP27, ARID3B",No,0,,Yes,61,"ACAP3, ADNP2, AHNAK",False,Yes,2
MAFB,Yes,25,"ATP13A3, BRI3, C15ORF48",Yes,780,"AAK1, ABCF2, ABRACL",No,0,,False,Yes,2
MAFF,Yes,19,"ADARB1, AP5Z1, ARHGEF12",Yes,751,"AAK1, AATF, ABHD14B",No,0,,False,Yes,2
MAFK,Yes,257,"ABCC1, ABL2, ACSL3",No,0,,Yes,1,TSPOAP1,False,Yes,2
MAX,Yes,194,"ABI2, ABR, ACACA",No,0,,Yes,1715,"AAMP, AARSD1, ABCC4",False,Yes,2
MAZ,Yes,167,"ABHD17B, ADGRA3, AEN",Yes,141,"ACAP1, ANAPC16, ANKRD12",No,0,,False,Yes,2
MBD2,No,0,,Yes,2,"CDK7, SCAF4",Yes,975,"ABCA7, ABCB8, ABR",False,Yes,2
MEF2C,Yes,26,"ARID2, BRD3, CCNA2",Yes,1575,"AAK1, AAMP, AARSD1",No,0,,False,Yes,2
MEF2D,Yes,28,"A2MP1, ACP5, ANKRD17",No,0,,Yes,48,"AAK1, ARID3B, ARNT",False,Yes,2
MEOX1,Yes,5,"ACSS1, DMD, FGFR1OP",Yes,4,"CHSY1, FPGS, MRPL39",No,0,,False,Yes,2
MLX,Yes,203,"ADCY7, ADIPOR2, ADRM1",No,0,,Yes,8,"ARRDC3, CALM2, ENO1",False,Yes,2
MTF1,No,0,,Yes,3212,"AAGAB, AAK1, AAMP",Yes,166,"ABAT, ABHD5, ABTB2",False,Yes,2
MXD3,Yes,11,"ARL6IP1, CKAP2, FOXP3",No,0,,Yes,3,"MFSD4B, PTPN7, ZNF385A",False,Yes,2
MYB,No,0,,Yes,13,"CD320, CENPC, IER3",Yes,1854,"AACS, AAGAB, ABCA2",False,Yes,2
NFATC2,No,0,,Yes,44,"ALG3, ARMC10, ASNS",Yes,101,"ABTB3, ADAM8, ADORA2A",False,Yes,2
NFE2L1,Yes,15,"AGRN, ANKS3, ATAD2",No,0,,Yes,103,"ABCA5, ABCD2, ADAM8",False,Yes,2
NFE2L3,No,0,,Yes,10,"BCL11B, EVI2A, HIVEP3",Yes,7,"ADRM1, PSMB1, PSMB2",False,Yes,2
NFIB,Yes,9,"CCDC170, FGFR1, ITGA2",Yes,159,"AKT1, ARL16, ARMC6",No,0,,False,Yes,2
NFIL3,Yes,21,"ARHGAP12, ARNT, BRMS1L",Yes,72,"ALYREF, BEST1, C1GALT1",No,0,,False,Yes,2
NFKB1,Yes,363,"ABHD17B, ABTB2, ACOXL",No,0,,Yes,179,"ADD1, AGFG1, AMPD3",False,Yes,2
NFYA,Yes,96,"AIM2, ANKRD49, ARHGAP17",Yes,343,"AATF, ABHD14B, ALG5",No,0,,False,Yes,2
NFYC,Yes,15,"ABCA5, ATG13, CASP8AP2",Yes,806,"AAK1, ABCF1, ABHD14B",No,0,,False,Yes,2
NR1D2,Yes,4,"ARID2, NR1D1, PER2",No,0,,Yes,2,"FTH1, NQO1",False,Yes,2
NR1H3,Yes,10,"ABCB7, ACSS2, ANP32A",Yes,1439,"AAGAB, AAMP, AAR2",No,0,,False,Yes,2
NR3C1,No,0,,Yes,2161,"AAK1, AAMP, AATF",Yes,3,"C15ORF48, FLOT2, MAPRE2",False,Yes,2
PBX4,No,0,,Yes,1364,"AAMP, ABCE1, ABCF1",Yes,4,"C11ORF96, CHN1, LPAR2",False,Yes,2
PITX1,Yes,17,"B9D2, C20ORF85, CRIP1",Yes,106,"ALKBH2, ANKLE2, ANKRD39",No,0,,False,Yes,2
POGK,No,0,,Yes,1,PRKACB,Yes,81,"ABCD2, ACIN1, ACTG1",False,Yes,2
POU5F1B,Yes,11,"ADAM10, CNN2, CPT1A",Yes,15,"AGFG1, ASPHD2, CALU",No,0,,False,Yes,2
PPARA,Yes,43,"ACAD8, ANKRD9, AP1B1",No,0,,Yes,16,"C4ORF48, CAPNS1, DPY19L1",False,Yes,2
PPARG,Yes,3,"REV1, ZMYM4, ZSWIM6",Yes,15,"CDCA4, DHX37, ERAL1",No,0,,False,Yes,2
PRMT3,No,0,,Yes,10,"ALDH1B1, HAUS2, IER3",Yes,6,"HTATIP2, IFNGR2, NLRP2",False,Yes,2
RARA,Yes,4,"DGKD, DOK5, MIRLET7BHG",No,0,,Yes,23,"ABTB2, CCR4, CD38",False,Yes,2
RELA,Yes,51,"APBA3, ARHGAP18, ARID5B",No,0,,Yes,87,"ABL1, ANTXR2, APOL1",False,Yes,2
RELB,Yes,820,"AAR2, ABAT, ABCB7",No,0,,Yes,3,"IL3, NEURL4, PMCH",False,Yes,2
REST,Yes,61,"AGL, ANKS3, AP1B1",No,0,,Yes,206,"ADPGK, AKAP13, ALG3",False,Yes,2
RREB1,Yes,7,"APOLD1, CCNK, CEPT1",No,0,,Yes,85,"ABCA3, ADD2, ALS2",False,Yes,2
SMAD3,No,0,,Yes,7,"APOL2, CARHSP1, FUOM",Yes,283,"AAGAB, ABCD4, ABCG2",False,Yes,2
SNAI3,No,0,,Yes,83,"ACTG1, ACTL6A, ADAM15",Yes,2,"CNPY3, IFNG",False,Yes,2
SOX2,Yes,7,"ARL4A, CLU, DUSP1",Yes,1741,"AAMP, ABCE1, ABCF2",No,0,,False,Yes,2
SOX4,Yes,94,"ACYP1, AGO4, ANXA6",Yes,981,"AAK1, AARSD1, ABCE1",No,0,,False,Yes,2
SOX8,Yes,34,"ABCA1, AP5B1, CA5BP1",Yes,393,"AATF, ABT1, ACTN4",No,0,,False,Yes,2
SP2,Yes,57,"ANKRD40, AP1S3, ARL8A",No,0,,Yes,1723,"AAMP, AASDH, ABCB10",False,Yes,2
SP3,Yes,9,"ANKS1B, ARFGEF1, ARRDC3",No,0,,Yes,66,"ACP5, ACSM3, ADI1",False,Yes,2
SP4,Yes,51,"ADNP, ANXA5, APBB1",No,0,,Yes,16,"ABHD11, APBB3, CYB5R1",False,Yes,2
SPEN,No,0,,Yes,1,BOD1,Yes,31,"APH1A, ARF6, ATAT1",False,Yes,2
SPI1,Yes,418,"AAMDC, ABCC4, ABHD2",Yes,24,"ARPP19, AZIN1, C19ORF53",No,0,,False,Yes,2
SPIB,Yes,45,"ACP5, ADAM17, ALCAM",Yes,5,"ATF5, SLC25A33, TICAM1",No,0,,False,Yes,2
STAT1,Yes,420,"ABCB10, ABHD3, ABL1",No,0,,Yes,39,"APOL3, APOL6, C1ORF35",False,Yes,2
STAT2,Yes,213,"ACOT4, ADAM12, ADAMTS6",No,0,,Yes,46,"ANKRD26, BST2, CD99L2",False,Yes,2
STAT5A,No,0,,Yes,328,"AAK1, AATF, ABI3",Yes,166,"ADAMTS1, AFDN, ARPC5",False,Yes,2
STAT5B,Yes,39,"ABCA5, ARMCX5, ATAT1",No,0,,Yes,1609,"AAK1, ABCA5, ABCD2",False,Yes,2
TBP,Yes,36,"ACIN1, ANKRD27, ARFGEF1",No,0,,Yes,20,"AMMECR1, CASP4, CCDC90B",False,Yes,2
TBX21,Yes,83,"ADCY7, ADGRG1, ADNP-AS1",No,0,,Yes,402,"ABCD3, ACSF3, ACSL6",False,Yes,2
TCF3,Yes,8,"CEACAM6, CRISP2, HHLA2",No,0,,Yes,2,"IL2, SUMF2",False,Yes,2
TCF4,Yes,19,"AXL, BLVRB, CAT",Yes,19,"ATF3, BRF2, CHD7",No,0,,False,Yes,2
TCF7,Yes,20,"ABCB5, ABLIM1, ADD3",No,0,,Yes,2,"ECI1, LIMD2",False,Yes,2
TEAD1,Yes,35,"ADAM9, ANXA1, ATP1B1",Yes,5,"INIP, RGS14, RNF114",No,0,,False,Yes,2
TFAP4,No,0,,Yes,1,TNPO2,Yes,411,"ABCA5, ABCA7, ABCB6",False,Yes,2
TFDP1,Yes,668,"AAAS, AAGAB, AASDH",No,0,,Yes,460,"ABAT, ABCB6, ACOT13",False,Yes,2
TFE3,Yes,34,"ADGRE1, AHCTF1, AHNAK",No,0,,Yes,15,"ACSL6, ARRDC2, BRI3",False,Yes,2
TGIF2,No,0,,Yes,2,"MED28, RPN2",Yes,80,"AHCY, AKT2, AP1B1",False,Yes,2
THAP1,Yes,93,"ANKS6, AP5B1, AREL1",Yes,1992,"AAK1, AAMP, AATF",No,0,,False,Yes,2
THAP11,Yes,312,"ABCA17P, AGAP2, AHCYL1",No,0,,Yes,1829,"AACS, AAMP, ABCA2",False,Yes,2
THAP7,No,0,,Yes,1313,"ABHD14B, ABI3, ACAT2",Yes,22,"APPL2, CAB39L, CRK",False,Yes,2
USF2,Yes,157,"AAAS, ACACA, ACBD6",No,0,,Yes,104,"AGTRAP, ANXA11, ARFGEF2",False,Yes,2
XBP1,No,0,,Yes,151,"ACTB, ACTG1, ARF6",Yes,419,"ABAT, ABCD3, ABHD3",False,Yes,2
YY1,Yes,261,"ABCB7, ACOT7, ADIPOR2",No,0,,Yes,986,"AARSD1, ABCB10, ABCB8",False,Yes,2
ZBED2,No,0,,Yes,480,"ACD, ACOT13, ACP2",Yes,9,"ANP32E, ARL6IP6, CD96",False,Yes,2
ZBTB17,Yes,24,"ADAMTSL4-AS1, AHDC1, ARHGAP6",No,0,,Yes,63,"ANKS6, ARID4B, BAX",False,Yes,2
ZBTB32,No,0,,Yes,5,"CENPC, DNAJC11, FOXJ3",Yes,11,"BLZF1, CCR2, CMIP",False,Yes,2
ZBTB5,Yes,7,"CBLL1, FEM1B, FUT8",No,0,,Yes,2,"CAB39L, PHF11",False,Yes,2
ZEB1,Yes,50,"ACO1, ACTN4, ACVR1",No,0,,Yes,408,"ABCA2, ABCB9, ABI3",False,Yes,2
ZFP14,No,0,,Yes,2657,"AAK1, AAMP, AATF",Yes,9,"BIRC3, CD300A, EGR3",False,Yes,2
ZFP30,Yes,10,"ATF7IP, CCND2, ELK4",Yes,201,"ACOT13, ADPRM, ADSL",No,0,,False,Yes,2
ZFY,Yes,43,"ANKIB1, ARFGEF1, ARHGEF2",No,0,,Yes,1,IMPACT,False,Yes,2
ZNF121,No,0,,Yes,1061,"AAK1, AATF, ABHD14B",Yes,1,EPN2,False,Yes,2
ZNF236,Yes,30,"ACTN1, APLP2, BARD1",Yes,4,"DKC1, PPAN, YIPF2",No,0,,False,Yes,2
ZNF239,Yes,5,"IFRD1, JOSD1, SEZ6",Yes,6,"CINP, EMC9, PCK2",No,0,,False,Yes,2
ZNF263,No,0,,Yes,154,"ADAP1, AEN, AHNAK",Yes,7,"DEPP1, GPATCH2L, NME7",False,Yes,2
ZNF266,Yes,22,"ASAP1, DACT1, EP300",Yes,1683,"AAK1, AAMP, AAR2",No,0,,False,Yes,2
ZNF274,Yes,35,"ANKRD18DP, ARHGAP35, ATF3",No,0,,Yes,185,"ANKRD10, ATF3, ATP5ME",False,Yes,2
ZNF277,No,0,,Yes,31,"APRT, ARF6, ARHGDIA",Yes,3,"B3GNT5, DEPP1, IL2",False,Yes,2
ZNF326,No,0,,Yes,14,"AGFG1, ALAS1, C1ORF162",Yes,1,DOK5,False,Yes,2
ZNF384,Yes,71,"ACAP2, AKT3, C6ORF89",No,0,,Yes,81,"ACSL5, ACY1, ANAPC16",False,Yes,2
ZNF397,No,0,,Yes,1595,"AATF, ABCF1, ABHD14B",Yes,10,"CUL4B, DYNLT1, FBXO34",False,Yes,2
ZNF429,Yes,7,"C1ORF21, CX3CR1, GPM6B",Yes,5,"NOL7, RING1, TAP2",No,0,,False,Yes,2
ZNF44,No,0,,Yes,19,"BCL2L11, BIN2, CAMKK2",Yes,2,"GPR135, IL6R",False,Yes,2
ZNF440,Yes,3,"RBBP9, WDTC1, ZNF148",Yes,5,"ESR2, MFAP1, NFIL3",No,0,,False,Yes,2
ZNF444,No,0,,Yes,553,"AAMP, ABHD14B, ABTB1",Yes,24,"ADORA2A, CALM3, CCDC88B",False,Yes,2
ZNF48,No,0,,Yes,132,"ACP1, ADI1, ANKRD37",Yes,5,"ATP10A, IL23A, MYO18B",False,Yes,2
ZNF501,Yes,2,"REEP4, SLFN12L",Yes,1,PDHA1,No,0,,False,Yes,2
ZNF652,No,0,,Yes,3,"IER3IP1, MRPL39, SCAF4",Yes,19,"B3GALT2, EFCAB11, ELL2",False,Yes,2
ZNF764,Yes,13,"B3GALT2, BTN2A1, C16ORF45",No,0,,Yes,1,DOCK2,False,Yes,2
ZNF782,Yes,4,"AFF1, ARHGAP5, NADK2",Yes,33,"ADO, ASNS, BCL2L14",No,0,,False,Yes,2
ZNF84,Yes,11,"ABTB1, ASUN, FAM20B",Yes,3,"EYA3, RPS6KA4, TYW3",No,0,,False,Yes,2
ZNF879,Yes,5,"ACSS2, ICA1, NXPE3",Yes,22,"ABCE1, DNAAF2, DPH2",No,0,,False,Yes,2
ADNP,No,0,,No,0,,Yes,58,"ADD2, ALG13, ANXA3",False,No,1
ADNP2,No,0,,No,0,,Yes,119,"ADCY9, AHI1, AIP",False,No,1
AEBP2,No,0,,No,0,,Yes,317,"AAK1, ABCG1, ABHD14B",False,No,1
AHDC1,No,0,,No,0,,Yes,7,"DECR1, GAB2, HSF4",False,No,1
AHR,No,0,,No,0,,Yes,3488,"AAGAB, AARSD1, ABCA2",False,No,1
AHRR,No,0,,No,0,,Yes,2,"NDUFA12, PDCD6",False,No,1
AKAP8L,No,0,,No,0,,Yes,4,"AMDHD2, CLIP4, NAA60",False,No,1
ARID2,No,0,,No,0,,Yes,377,"AACS, ABCB6, ABCF2",False,No,1
ARID5A,No,0,,No,0,,Yes,10,"ARHGEF12, FOXP1, IL7R",False,No,1
ARNT,No,0,,No,0,,Yes,4403,"AACS, AAR2, ABAT",False,No,1
ARNTL,Yes,47,"ANGPT2, CCNE2, CCT6P1",No,0,,No,0,,False,No,1
ASH1L,No,0,,No,0,,Yes,6,"ACAA1, DAP3, IRAK4",False,No,1
ATF2,Yes,3,"CUL4B, GIPR, TMEM218",No,0,,No,0,,False,No,1
ATF7,No,0,,No,0,,Yes,3,"GNRH2, MSANTD4, SLC66A1",False,No,1
ATMIN,No,0,,No,0,,Yes,5,"AIM2, EEA1, GPR35",False,No,1
BAZ2A,No,0,,No,0,,Yes,5,"GOLGA7B, KLHL2, LRRN3",False,No,1
BBX,No,0,,No,0,,Yes,16,"ANKRD13A, CCDC90B, CHPT1",False,No,1
BCL6,No,0,,No,0,,Yes,60,"ADPRS, AGO1, ARID1A",False,No,1
CAMTA1,No,0,,No,0,,Yes,3,"IL6, PNLDC1, ZBED2",False,No,1
CAMTA2,No,0,,No,0,,Yes,22,"ASXL1, CALM2, CALM3",False,No,1
CC2D1A,No,0,,No,0,,Yes,2,"CD52, STIL",False,No,1
CEBPD,Yes,92,"ABCA1, AHNAK, ALOX5AP",No,0,,No,0,,False,No,1
CEBPZ,Yes,53,"ARHGEF7, ATG16L1, BLZF1",No,0,,No,0,,False,No,1
CENPB,No,0,,No,0,,Yes,5,"GMPPB, HSPA1B, IL2",False,No,1
CENPS,No,0,,No,0,,Yes,1,USP28,False,No,1
CGGBP1,No,0,,No,0,,Yes,35,"CCL1, CCL4, CCL5",False,No,1
CHAMP1,No,0,,No,0,,Yes,8,"AGPS, ATF7IP, EPS8",False,No,1
CIC,No,0,,No,0,,Yes,4,"ENTPD7, EXOC6, IGFBP4",False,No,1
CREB1,No,0,,No,0,,Yes,566,"ABCB6, ACAA1, ACTMAP",False,No,1
CREB3,Yes,92,"ABCB7, ACAP2, ACOT7",No,0,,No,0,,False,No,1
CREB3L2,Yes,34,"AARS, ABHD4, AMMECR1L",No,0,,No,0,,False,No,1
CREBL2,No,0,,No,0,,Yes,5,"BCAP31, CASC3, GPATCH2",False,No,1
CREBZF,No,0,,No,0,,Yes,1,STX3,False,No,1
CREM,Yes,1254,"AAK1, ABCA1, ABHD13",No,0,,No,0,,False,No,1
CRX,Yes,28,"CDK5RAP3, CEP85L, FERMT3",No,0,,No,0,,False,No,1
CSRNP2,No,0,,No,0,,Yes,2,"HPS3, NHLH1",False,No,1
CTCF,Yes,186,"ACSL1, AFF4, AK3",No,0,,No,0,,False,No,1
CXXC1,No,0,,No,0,,Yes,1487,"AAGAB, AAMP, AARSD1",False,No,1
CXXC5,No,0,,No,0,,Yes,4,"ADCY1, IL6, INPP5D",False,No,1
DBP,No,0,,Yes,28,"AKR1A1, BAZ1B, C19ORF12",No,0,,False,No,1
DMTF1,No,0,,No,0,,Yes,3,"HMGN3, MIER2, SMAD5",False,No,1
DOT1L,No,0,,No,0,,Yes,400,"ABCA2, ABCA7, ABCG1",False,No,1
DR1,No,0,,No,0,,Yes,615,"AASDHPPT, ACAT2, ACOT7",False,No,1
DRAP1,No,0,,Yes,71,"ACTB, ARPC2, B2M",No,0,,False,No,1
DZIP1,No,0,,No,0,,Yes,85,"ADARB1, AHNAK, ALOX5AP",False,No,1
E2F5,No,0,,No,0,,Yes,2,"AIM2, PRKAR2B",False,No,1
E2F7,No,0,,No,0,,Yes,3,"CDCA7, DDIT3, MCM6",False,No,1
E2F8,No,0,,No,0,,Yes,19,"CENPH, CHEK1, DMC1",False,No,1
EEA1,No,0,,No,0,,Yes,1,PPP4R3A,False,No,1
ELF2,Yes,94,"ABHD8, ADGRG1, AKAP13",No,0,,No,0,,False,No,1
EOMES,Yes,95,"AKAP5, AKNA, ANXA4",No,0,,No,0,,False,No,1
EPAS1,No,0,,No,0,,Yes,14,"ASPSCR1, C5ORF24, CEP43",False,No,1
ESRRA,No,0,,No,0,,Yes,24,"ACO2, ATP5F1B, COX4I1",False,No,1
ETS1,Yes,544,"ABCA7, ABHD17A, ACAD9",No,0,,No,0,,False,No,1
ETV3,No,0,,No,0,,Yes,2,"ACVR2A, SLC16A6",False,No,1
FAM200B,No,0,,No,0,,Yes,5,"FUOM, GZMK, HSPA6",False,No,1
FBXL19,No,0,,No,0,,Yes,48,"AKAP7, AKT3, ANP32E",False,No,1
FLI1,No,0,,No,0,,Yes,349,"AACS, ABHD14B, ABRACL",False,No,1
FOXC1,Yes,21,"ANXA2, ANXA3, ANXA5",No,0,,No,0,,False,No,1
FOXJ1,Yes,44,"AGAP4, ARRDC3, ATF3",No,0,,No,0,,False,No,1
FOXJ2,No,0,,No,0,,Yes,2,"UBE2I, UBL5",False,No,1
FOXK1,No,0,,No,0,,Yes,656,"AAK1, ABCB6, ABCD2",False,No,1
FOXK2,No,0,,No,0,,Yes,1,ATP5F1E,False,No,1
FOXP4,No,0,,No,0,,Yes,3,"COMMD5, TMEM192, ZNF7",False,No,1
GATAD2B,No,0,,No,0,,Yes,68,"ACADVL, ACP5, ACTG1",False,No,1
GLI1,No,0,,No,0,,Yes,116,"AASDH, ANKRD13A, ARHGAP11B",False,No,1
GLI4,No,0,,No,0,,Yes,5,"ESYT2, KCNC3, LIPE",False,No,1
GPBP1L1,No,0,,Yes,2131,"AAGAB, AAR2, AATF",No,0,,False,No,1
GTF2I,No,0,,No,0,,Yes,25,"ARF6, ATG7, BSPRY",False,No,1
GTF2IRD1,No,0,,No,0,,Yes,11,"BICDL1, DGKA, HDAC7",False,No,1
GTF3A,No,0,,No,0,,Yes,2,"CD52, PTPN14",False,No,1
HBP1,No,0,,No,0,,Yes,3,"C11ORF96, FCGBP, RBM26",False,No,1
HIVEP1,No,0,,Yes,71,"AREG, ATN1, BCOR",No,0,,False,No,1
HIVEP2,No,0,,Yes,1618,"AAK1, AATF, ABCF1",No,0,,False,No,1
HMBOX1,Yes,24,"ACTR1A, ARRB1, CHD4",No,0,,No,0,,False,No,1
HMG20B,No,0,,No,0,,Yes,5,"FER, GNRH2, MACO1",False,No,1
HOMEZ,No,0,,No,0,,Yes,2,"GZMA, IL3RA",False,No,1
HOXA10,Yes,99,"ABCC4, ACBD6, ADA",No,0,,No,0,,False,No,1
HOXB4,No,0,,No,0,,Yes,198,"ACTG1, ACTL6A, ACTN1",False,No,1
HSF2,No,0,,No,0,,Yes,16,"AHSA1, CCDC117, CCT6A",False,No,1
HSF4,No,0,,No,0,,Yes,2,"MDK, TRAF7",False,No,1
HSF5,No,0,,No,0,,Yes,2,"IL3, KLHDC7B",False,No,1
IKZF1,No,0,,No,0,,Yes,92,"ACP6, ACVR1, ACVR2B",False,No,1
IKZF4,No,0,,Yes,1,AGPAT3,No,0,,False,No,1
INSM1,No,0,,No,0,,Yes,9,"BCAP31, DHCR24, IRAK1",False,No,1
IRF3,Yes,482,"AAK1, AAMDC, ABHD14B",No,0,,No,0,,False,No,1
ISL2,No,0,,No,0,,Yes,2,"ETFA, IL2",False,No,1
JAZF1,No,0,,No,0,,Yes,1,SMARCC2,False,No,1
JDP2,No,0,,No,0,,Yes,5,"CENPV, CLN8, DUSP22",False,No,1
JRK,No,0,,No,0,,Yes,10,"ADCY7, CCR7, GLIPR2",False,No,1
KAT7,No,0,,No,0,,Yes,380,"ABCD2, ABCG1, ACTR8",False,No,1
KCMF1,No,0,,No,0,,Yes,1,FAM118A,False,No,1
KDM2A,No,0,,No,0,,Yes,394,"AACS, ABCB6, ABCC5",False,No,1
KLF1,Yes,26,"ACSL4, BCOR, CCDC146",No,0,,No,0,,False,No,1
KLF11,No,0,,No,0,,Yes,1,CYP1A1,False,No,1
KLF12,Yes,97,"ACP5, ADAM12, ADD3",No,0,,No,0,,False,No,1
KLF16,No,0,,No,0,,Yes,13,"COA3, DCUN1D4, EIF4E3",False,No,1
KLF5,Yes,57,"ASPH, ATP8B1, C10ORF76",No,0,,No,0,,False,No,1
KLF7,No,0,,No,0,,Yes,8,"CD300A, DESI1, FAM89A",False,No,1
KMT2A,No,0,,No,0,,Yes,221,"ABCA2, ADAM19, ADCY3",False,No,1
KMT2B,No,0,,No,0,,Yes,119,"ABCC5, ACTG1, ACVR2B",False,No,1
L3MBTL3,No,0,,No,0,,Yes,60,"ADAM22, ADGRL1, AK4",False,No,1
LCOR,No,0,,No,0,,Yes,13,"ANKDD1A, COX16, IFI6",False,No,1
LCORL,No,0,,No,0,,Yes,9,"CCL4L2, FXYD2, GNLY",False,No,1
LEF1,Yes,50,"ABCC5, ABLIM1, ACTN1",No,0,,No,0,,False,No,1
LIN54,No,0,,No,0,,Yes,8,"C14ORF28, LSM14B, MAP2K3",False,No,1
MBD3,No,0,,Yes,31,"ABTB1, BNIP1, CHD7",No,0,,False,No,1
MBD4,No,0,,Yes,227,"ABI3, ABT1, ALYREF",No,0,,False,No,1
MBNL2,No,0,,No,0,,Yes,1,H2BC26,False,No,1
MGA,No,0,,No,0,,Yes,154,"ABCB6, ABCC4, AGMAT",False,No,1
MLXIP,No,0,,No,0,,Yes,1,TXNIP,False,No,1
MSANTD3,No,0,,No,0,,Yes,7,"AP2A1, BRD1, C16ORF95",False,No,1
MSANTD4,No,0,,No,0,,Yes,12,"ABI1, ARAP2, ATF7IP",False,No,1
MSC,No,0,,Yes,1,RPL4,No,0,,False,No,1
MTERF2,No,0,,No,0,,Yes,41,"ANKEF1, ARSB, ATP13A2",False,No,1
MTERF4,No,0,,No,0,,Yes,3,"CD83, G0S2, S100P",False,No,1
MTF2,No,0,,No,0,,Yes,47,"ADGRL1, AEBP1, AGAP1",False,No,1
MXD1,No,0,,No,0,,Yes,1,QTRT1,False,No,1
MXI1,No,0,,No,0,,Yes,17,"ATP6V1D, BOD1, CNBP",False,No,1
MYBL1,Yes,41,"ADRB2, AHNAK, AZIN1",No,0,,No,0,,False,No,1
MYNN,No,0,,No,0,,Yes,14,"AKAP5, ASTL, BCL9L",False,No,1
MYSM1,No,0,,No,0,,Yes,38,"C4ORF3, CCNE1, CCT4",False,No,1
NACC2,No,0,,No,0,,Yes,19,"ACAT2, ACLY, AZIN1",False,No,1
NAIF1,No,0,,No,0,,Yes,21,"ALDH18A1, CAPN15, ESYT2",False,No,1
NCOA1,No,0,,No,0,,Yes,24,"ALYREF, ANAPC11, ARF4",False,No,1
NCOA3,No,0,,No,0,,Yes,2,"EIF1AY, ZMYND8",False,No,1
NFAT5,No,0,,No,0,,Yes,1124,"AAMP, ABCB6, ABCC5",False,No,1
NFATC1,No,0,,Yes,2,"PPT1, PRR7",No,0,,False,No,1
NFE2L2,No,0,,No,0,,Yes,30,"AHNAK, ATL2, C15ORF39",False,No,1
NFIC,Yes,269,"ACTN4, ADAMTS9, AFF1",No,0,,No,0,,False,No,1
NFIX,No,0,,No,0,,Yes,19,"AIM2, ANKRD13A, ARHGDIA",False,No,1
NFX1,No,0,,No,0,,Yes,1,IFNG,False,No,1
NFYB,Yes,82,"B4GALNT3, BLCAP, BTF3L4",No,0,,No,0,,False,No,1
NKRF,No,0,,No,0,,Yes,3,"ARHGEF1, UBE2A, UBE3C",False,No,1
NPAS2,No,0,,No,0,,Yes,31,"AP1G2, ASCC2, ASF1B",False,No,1
NR1H2,No,0,,No,0,,Yes,3,"ABCG1, H1-1, SREBF1",False,No,1
NR2C1,No,0,,No,0,,Yes,7,"DENND2D, GFUS, GGA1",False,No,1
NR2F6,No,0,,Yes,774,"AAK1, AAMP, ABCF2",No,0,,False,No,1
NR4A1,No,0,,No,0,,Yes,11,"ATP7A, DNAJC19, EPC1",False,No,1
NR4A3,No,0,,No,0,,Yes,232,"ABHD5, ABRACL, ACAP1",False,No,1
NRF1,Yes,16,"BRMS1L, CLPX, CWC22",No,0,,No,0,,False,No,1
PA2G4,No,0,,No,0,,Yes,55,"ADI1, AGAP1, ANP32E",False,No,1
PATZ1,No,0,,No,0,,Yes,1,CHPF,False,No,1
PAX5,Yes,27,"ATP2C1, ATP6V0A1, BASP1",No,0,,No,0,,False,No,1
PBX3,No,0,,No,0,,Yes,2,"PABPC1L, PEDS1",False,No,1
PCGF6,No,0,,No,0,,Yes,70,"ABI1, ACTN1, ADD2",False,No,1
PHF1,No,0,,No,0,,Yes,1,CUTA,False,No,1
PHF19,No,0,,No,0,,Yes,235,"ABTB1, ACP6, ACTR10",False,No,1
PHF20,No,0,,No,0,,Yes,107,"AAMDC, ACO1, ADA",False,No,1
PHF21A,No,0,,No,0,,Yes,6,"CDC42BPB, CYP2R1, PRKACA",False,No,1
PIN1,No,0,,No,0,,Yes,11,"ARHGDIA, ARID3A, DDB2",False,No,1
PLAGL2,No,0,,Yes,27,"BCL2L12, BECN1, C1ORF21",No,0,,False,No,1
PLSCR1,No,0,,Yes,1,RPS17,No,0,,False,No,1
POU2AF1,No,0,,No,0,,Yes,2,"HYCC1, MAPK1",False,No,1
POU2F1,Yes,36,"ADAT2, ALDH6A1, ATL3",No,0,,No,0,,False,No,1
POU2F2,No,0,,No,0,,Yes,16,"ABTB3, AHCY, AMZ2",False,No,1
POU6F1,No,0,,No,0,,Yes,42,"ARHGAP11A, ARHGDIB, ARL6IP1",False,No,1
PPARD,No,0,,No,0,,Yes,2,"CD83, MIB1",False,No,1
PRDM1,Yes,145,"ACTN4, AKAP13, AKT1",No,0,,No,0,,False,No,1
PRDM15,No,0,,No,0,,Yes,67,"ACSL3, ACVR2B, ADAMTS17",False,No,1
PRDM4,No,0,,No,0,,Yes,2,"CTDSP2, SSBP2",False,No,1
PRDM5,No,0,,No,0,,Yes,11,"ABCA5, BRD2, DOCK8",False,No,1
PREB,No,0,,Yes,2375,"AAK1, AAMP, AARSD1",No,0,,False,No,1
PRR12,No,0,,No,0,,Yes,62,"ABCD2, ACOT7, ACVR2A",False,No,1
PURA,No,0,,No,0,,Yes,3,"DYNLT3, IGIP, MFSD1",False,No,1
PURB,No,0,,No,0,,Yes,2,"ESYT2, ROR2",False,No,1
RARG,No,0,,No,0,,Yes,4,"ACTR1A, CUEDC2, JUN",False,No,1
RBAK,No,0,,No,0,,Yes,7,"FAM20C, GZMH, MORC3",False,No,1
RBCK1,No,0,,No,0,,Yes,441,"ACSL1, ACTG1, ADAM8",False,No,1
RBPJ,No,0,,No,0,,Yes,128,"ABI3, ACSS1, ACTN1",False,No,1
REPIN1,No,0,,No,0,,Yes,3,"ABI3, GNGT2, NREP",False,No,1
REXO4,No,0,,No,0,,Yes,17,"BCL2L1, CAPN2, CFL1",False,No,1
RFX1,No,0,,No,0,,Yes,297,"ABCB8, AGBL2, AGBL5",False,No,1
RFX7,No,0,,No,0,,Yes,2,"DCTD, MXD4",False,No,1
RLF,No,0,,No,0,,Yes,18,"ACAD10, CXCR4, GZMH",False,No,1
RORA,Yes,91,"AAK1, ABHD5, ACE",No,0,,No,0,,False,No,1
RUNX1,No,0,,Yes,1,CYFIP2,No,0,,False,No,1
RUNX2,No,0,,No,0,,Yes,32,"ADGRG5, AHI1, C12ORF75",False,No,1
RUNX3,No,0,,No,0,,Yes,9,"ATP8B2, DSTN, DTX3L",False,No,1
RXRB,No,0,,No,0,,Yes,296,"AASDHPPT, ACAA2, ACSL4",False,No,1
SAFB,No,0,,No,0,,Yes,5,"BCAP31, CHML, IL22",False,No,1
SAFB2,No,0,,No,0,,Yes,3,"HAPLN3, IL18R1, PDGFA",False,No,1
SCML4,No,0,,Yes,216,"ACOT7, ACP2, ADAP1",No,0,,False,No,1
SETDB1,No,0,,No,0,,Yes,2442,"AAAS, AASS, ABCA7",False,No,1
SETDB2,No,0,,No,0,,Yes,1,IL22,False,No,1
SGSM2,No,0,,No,0,,Yes,2,"ITIH4, ZFP36L2",False,No,1
SKI,No,0,,No,0,,Yes,22,"AGO2, ARRB2, CAPG",False,No,1
SLC2A4RG,No,0,,No,0,,Yes,1,PLK2,False,No,1
SMAD1,No,0,,No,0,,Yes,2,"ARID4A, MITD1",False,No,1
SMAD4,No,0,,No,0,,Yes,114,"ABCG1, ACAD9, ACTN1",False,No,1
SMAD5,No,0,,No,0,,Yes,4,"FBXO30, GPR132, KDM6B",False,No,1
SMYD3,No,0,,No,0,,Yes,7,"AP1M1, CDC37, COX18",False,No,1
SNAPC2,No,0,,Yes,52,"ABRACL, AKNA, ARPC4",No,0,,False,No,1
SP1,No,0,,No,0,,Yes,387,"AACS, ABCB10, ABHD14A",False,No,1
SP100,No,0,,No,0,,Yes,287,"ABCB1, ACADVL, ACAP2",False,No,1
SP110,No,0,,No,0,,Yes,14,"ARHGAP30, BMI1, C11ORF54",False,No,1
SP140,No,0,,No,0,,Yes,4,"CCL5, IFI6, PRF1",False,No,1
SP140L,No,0,,No,0,,Yes,564,"AASDHPPT, ABCA5, ABCE1",False,No,1
STAT3,No,0,,No,0,,Yes,2172,"AASDHPPT, ABAT, ABCA2",False,No,1
STAT6,No,0,,No,0,,Yes,877,"ABCB7, ABCE1, ABHD17B",False,No,1
TBPL1,No,0,,No,0,,Yes,56,"ABRAXAS1, ALYREF, ANXA7",False,No,1
TCFL5,No,0,,No,0,,Yes,16,"AKAP5, BCL2, BMP2K",False,No,1
TERF1,No,0,,No,0,,Yes,11,"BCR, CENPB, CHPF2",False,No,1
TET2,No,0,,No,0,,Yes,122,"ABI1, ADAM19, ADAM8",False,No,1
TFDP2,No,0,,No,0,,Yes,1,EFNB1,False,No,1
TGIF1,No,0,,No,0,,Yes,28,"ACAP3, ARHGDIA, BLMH",False,No,1
THAP3,No,0,,No,0,,Yes,8,"BAX, C1ORF174, CCDC167",False,No,1
THAP5,No,0,,No,0,,Yes,97,"ALG2, ARAF, ARCN1",False,No,1
THRA,No,0,,No,0,,Yes,194,"ABCD2, ACAT2, ACTL6A",False,No,1
TIGD5,No,0,,No,0,,Yes,2,"CCDC6, DHCR24",False,No,1
TMF1,No,0,,No,0,,Yes,3,"GORASP2, PLEKHA2, TP73",False,No,1
TOPORS,No,0,,No,0,,Yes,38,"ACTG1, ANP32E, ANXA2",False,No,1
TP73,No,0,,No,0,,Yes,136,"ADGRE5, ADI1, AHNAK",False,No,1
TRAFD1,No,0,,Yes,215,"ACLY, ACP2, ADAP1",No,0,,False,No,1
TRERF1,No,0,,No,0,,Yes,8,"ANKRD28, CBY1, CLDND1",False,No,1
TRPS1,No,0,,No,0,,Yes,1,C5ORF24,False,No,1
USF3,No,0,,No,0,,Yes,9,"CCR3, CCR5, CHDH",False,No,1
VEZF1,No,0,,No,0,,Yes,58,"ABCA2, ABHD18, ALAD",False,No,1
WIZ,No,0,,No,0,,Yes,546,"ABCD2, ABHD6, ABTB3",False,No,1
XPA,No,0,,No,0,,Yes,2,"HS3ST1, IL13",False,No,1
ZBED1,No,0,,No,0,,Yes,102,"ACTR1B, AGPAT1, ALOX5AP",False,No,1
ZBED4,No,0,,No,0,,Yes,1,EGFL7,False,No,1
ZBED5,No,0,,No,0,,Yes,19,"CCND3, FAM111A, GIMAP4",False,No,1
ZBTB18,Yes,8,"CHAC1, FBXL20, GPCPD1",No,0,,No,0,,False,No,1
ZBTB2,No,0,,No,0,,Yes,37,"ABHD14A, AGTPBP1, C17ORF49",False,No,1
ZBTB20,No,0,,Yes,3,"INIP, RCC2, SAMD3",No,0,,False,No,1
ZBTB21,No,0,,No,0,,Yes,52,"ALAS1, AP3D1, ARHGAP32",False,No,1
ZBTB22,No,0,,No,0,,Yes,2,"IFIT3, SLC50A1",False,No,1
ZBTB3,No,0,,No,0,,Yes,3,"EOMES, KBTBD6, PPP4R4",False,No,1
ZBTB33,No,0,,No,0,,Yes,36,"ARHGAP27, ARRB2, BBC3",False,No,1
ZBTB34,No,0,,No,0,,Yes,18,"ADAT1, CRIP1, CSF2",False,No,1
ZBTB37,No,0,,No,0,,Yes,1,ZNF385A,False,No,1
ZBTB40,No,0,,No,0,,Yes,21,"ANGEL1, AP4E1, ARMT1",False,No,1
ZBTB41,No,0,,No,0,,Yes,1,LPIN1,False,No,1
ZBTB42,No,0,,No,0,,Yes,1,G0S2,False,No,1
ZBTB44,No,0,,No,0,,Yes,261,"ACBD6, ACOT13, ACTA2",False,No,1
ZBTB48,No,0,,No,0,,Yes,38,"AMN1, ARID3A, ATG12",False,No,1
ZBTB7A,No,0,,No,0,,Yes,429,"ABI1, ACBD6, ACSL6",False,No,1
ZBTB9,No,0,,No,0,,Yes,588,"AARSD1, ABCE1, ABTB1",False,No,1
ZFAT,No,0,,No,0,,Yes,92,"ARFGAP3, ARFIP2, ARL1",False,No,1
ZFHX3,No,0,,No,0,,Yes,11,"CXCR4, DNMT3A, ITGAL",False,No,1
ZFP1,No,0,,No,0,,Yes,7,"COPG2, CSF2, CTSW",False,No,1
ZFP3,No,0,,No,0,,Yes,1,PLXNA4,False,No,1
ZFP41,No,0,,No,0,,Yes,1,HSPA1B,False,No,1
ZFP62,No,0,,No,0,,Yes,3,"IDH1, KLHDC7B, TM7SF2",False,No,1
ZFP64,No,0,,No,0,,Yes,21,"AACS, ACTN1, C15ORF39",False,No,1
ZFP69B,No,0,,No,0,,Yes,2,"SDHAF1, TAP1",False,No,1
ZFP90,No,0,,No,0,,Yes,2,"CCNL2, CD7",False,No,1
ZFX,No,0,,No,0,,Yes,150,"ACOT7, ACTN1, ADAM19",False,No,1
ZHX1,No,0,,No,0,,Yes,3,"HOPX, VPS35, ZHX2",False,No,1
ZHX2,No,0,,No,0,,Yes,29,"ACAP1, BEX3, BTG2",False,No,1
ZHX3,No,0,,No,0,,Yes,134,"ADIPOR2, ANAPC11, ANP32E",False,No,1
ZIK1,No,0,,No,0,,Yes,3,"IL2, MTERF3, PTDSS1",False,No,1
ZKSCAN1,No,0,,No,0,,Yes,3,"CD58, IGSF3, NOL4L",False,No,1
ZKSCAN4,No,0,,No,0,,Yes,2,"EPB41L4B, ZSCAN9",False,No,1
ZKSCAN5,No,0,,No,0,,Yes,7,"C7ORF50, CLK4, F11R",False,No,1
ZMAT1,No,0,,No,0,,Yes,96,"ADAM22, AKAP5, ANK1",False,No,1
ZNF100,No,0,,No,0,,Yes,23,"ABHD10, C21ORF58, C5ORF15",False,No,1
ZNF101,No,0,,No,0,,Yes,26,"C16ORF87, CCL3, CD38",False,No,1
ZNF107,No,0,,No,0,,Yes,3,"FAM43A, SLA, ZNF92",False,No,1
ZNF12,No,0,,No,0,,Yes,72,"ABHD14B, ACTN1, ADGRG5",False,No,1
ZNF131,No,0,,No,0,,Yes,44,"ADGRE5, AEN, ASS1",False,No,1
ZNF132,No,0,,No,0,,Yes,1,LDHB,False,No,1
ZNF133,No,0,,No,0,,Yes,1,XCL2,False,No,1
ZNF14,No,0,,No,0,,Yes,25,"ACTR1B, ATP5F1D, BSG",False,No,1
ZNF140,No,0,,No,0,,Yes,2,"NEIL1, SDC4",False,No,1
ZNF141,No,0,,No,0,,Yes,5,"ATG16L2, DOK5, H3C6",False,No,1
ZNF143,Yes,25,"AKTIP, ATG16L1, CAMK2G",No,0,,No,0,,False,No,1
ZNF146,No,0,,No,0,,Yes,6,"CXCR6, DGKI, HS3ST1",False,No,1
ZNF148,No,0,,No,0,,Yes,1207,"AAK1, AAMP, AASS",False,No,1
ZNF16,No,0,,No,0,,Yes,31,"ABCC5, ABHD8, AGPS",False,No,1
ZNF160,No,0,,No,0,,Yes,23,"ARPC5L, CCL1, CCNI",False,No,1
ZNF169,No,0,,No,0,,Yes,1,RSAD2,False,No,1
ZNF18,No,0,,No,0,,Yes,27,"ABCC5, ACAP1, AEN",False,No,1
ZNF180,No,0,,No,0,,Yes,8,"ARID4B, CACNA1D, CCNYL1",False,No,1
ZNF182,No,0,,No,0,,Yes,1,GEM,False,No,1
ZNF184,No,0,,No,0,,Yes,5,"ADAM19, AKAP8, ATG7",False,No,1
ZNF189,No,0,,No,0,,Yes,8,"C12ORF57, CYTIP, HBP1",False,No,1
ZNF197,No,0,,No,0,,Yes,1,NFIC,False,No,1
ZNF200,No,0,,No,0,,Yes,67,"ADCK2, C10ORF88, CCDC15",False,No,1
ZNF202,No,0,,No,0,,Yes,13,"APOLD1, CAB39L, CHRAC1",False,No,1
ZNF211,No,0,,No,0,,Yes,3,"MEST, MIEF2, MTERF4",False,No,1
ZNF212,No,0,,No,0,,Yes,1,ZNF783,False,No,1
ZNF213,No,0,,No,0,,Yes,1,TPST2,False,No,1
ZNF215,No,0,,No,0,,Yes,2,"IL1RAP, IL1RN",False,No,1
ZNF219,No,0,,No,0,,Yes,25,"ABCE1, ALDOC, APEH",False,No,1
ZNF22,No,0,,No,0,,Yes,2,"GNPTAB, MFSD4A",False,No,1
ZNF221,No,0,,No,0,,Yes,262,"ACAT2, ADAM15, ADRM1",False,No,1
ZNF224,No,0,,No,0,,Yes,1,ICOS,False,No,1
ZNF225,No,0,,No,0,,Yes,4,"AOAH, CCL5, GZMK",False,No,1
ZNF226,Yes,3,"BCL9, CBR4, IL17RA",No,0,,No,0,,False,No,1
ZNF227,No,0,,No,0,,Yes,4,"BPGM, COTL1, CXCL8",False,No,1
ZNF230,No,0,,No,0,,Yes,3,"ISG15, OCIAD2, ZNF155",False,No,1
ZNF232,No,0,,No,0,,Yes,5,"CCL1, CD200, GNG4",False,No,1
ZNF24,No,0,,Yes,16,"CASP3, DUSP6, DYNLL2",No,0,,False,No,1
ZNF25,No,0,,No,0,,Yes,2,"KLHL12, NMI",False,No,1
ZNF253,No,0,,No,0,,Yes,2,"ABR, MLLT11",False,No,1
ZNF254,No,0,,No,0,,Yes,48,"ALDOC, ANO10, ATF5",False,No,1
ZNF256,No,0,,No,0,,Yes,3,"IKBKE, MX2, STEEP1",False,No,1
ZNF260,No,0,,No,0,,Yes,1,SBF2,False,No,1
ZNF264,No,0,,No,0,,Yes,2,"MAN2B2, MSN",False,No,1
ZNF268,No,0,,No,0,,Yes,10,"CFH, CREBL2, EPAS1",False,No,1
ZNF273,No,0,,No,0,,Yes,2,"ATP2A2, LUZP1",False,No,1
ZNF280B,No,0,,No,0,,Yes,1,PARP4,False,No,1
ZNF280C,No,0,,No,0,,Yes,19,"HMOX1, PTGS2, SHKBP1",False,No,1
ZNF280D,No,0,,No,0,,Yes,157,"ACAT2, AGPAT4, AKIP1",False,No,1
ZNF281,No,0,,No,0,,Yes,3,"ADCK2, CCNL2, LGALS8",False,No,1
ZNF282,No,0,,No,0,,Yes,6,"ABI3, GNGT2, H1-10",False,No,1
ZNF284,No,0,,No,0,,Yes,2,"ESAM, SETDB1",False,No,1
ZNF292,No,0,,No,0,,Yes,16,"AK4, ARHGEF12, BNIP3L",False,No,1
ZNF296,No,0,,No,0,,Yes,19,"AACS, APOBEC3B, ASB13",False,No,1
ZNF3,No,0,,No,0,,Yes,1,FAM174A,False,No,1
ZNF302,No,0,,No,0,,Yes,2,"CCHCR1, FBXO28",False,No,1
ZNF304,No,0,,No,0,,Yes,331,"AAAS, AASDHPPT, ABCE1",False,No,1
ZNF311,No,0,,No,0,,Yes,11,"ARL14EP, AZIN1, CARD11",False,No,1
ZNF316,No,0,,No,0,,Yes,6,"ATF7IP2, BAG6, C9ORF40",False,No,1
ZNF317,No,0,,No,0,,Yes,22,"AKAP1, APOBEC3D, ATF5",False,No,1
ZNF318,No,0,,No,0,,Yes,5,"ACOX1, AK1, FKBP4",False,No,1
ZNF32,No,0,,No,0,,Yes,3,"IL5, MAP1A, TMED9",False,No,1
ZNF322,No,0,,No,0,,Yes,5,"AMPD2, CERS4, HSPA1B",False,No,1
ZNF324,No,0,,No,0,,Yes,1,SLC27A5,False,No,1
ZNF329,No,0,,No,0,,Yes,2,"JOSD1, SETD6",False,No,1
ZNF337,No,0,,No,0,,Yes,1,FASTK,False,No,1
ZNF33A,No,0,,No,0,,Yes,9,"ALDH8A1, CABLES1, COMT",False,No,1
ZNF33B,No,0,,No,0,,Yes,2,"GNRH2, PLAUR",False,No,1
ZNF34,No,0,,No,0,,Yes,39,"ALDOC, ASPM, BNIP3L",False,No,1
ZNF343,No,0,,No,0,,Yes,8,"ATP5PB, CITED2, CX3CR1",False,No,1
ZNF345,No,0,,No,0,,Yes,4,"GLRX, PLXNA4, PRG4",False,No,1
ZNF346,No,0,,No,0,,Yes,3,"COQ8A, HTATIP2, OCIAD1",False,No,1
ZNF35,No,0,,No,0,,Yes,46,"ANP32E, ARHGDIA, BIRC5",False,No,1
ZNF350,No,0,,No,0,,Yes,2,"IL3, TP53I3",False,No,1
ZNF354A,No,0,,No,0,,Yes,2,"DAPK3, KRBOX5",False,No,1
ZNF354B,No,0,,No,0,,Yes,11,"AAK1, ABR, C11ORF71",False,No,1
ZNF362,No,0,,No,0,,Yes,1,NDUFV2,False,No,1
ZNF37A,No,0,,Yes,1,SLC30A7,No,0,,False,No,1
ZNF394,No,0,,No,0,,Yes,4,"ADAMTS1, BAIAP2L1, MED25",False,No,1
ZNF396,No,0,,No,0,,Yes,17,"CCNB1, CD3G, CDC20",False,No,1
ZNF398,No,0,,No,0,,Yes,8,"ARHGAP30, CFAP20, ENO2",False,No,1
ZNF41,No,0,,No,0,,Yes,5,"IL1RN, PMCH, PSAT1",False,No,1
ZNF410,No,0,,No,0,,Yes,25,"ADAM22, ADNP2, AGL",False,No,1
ZNF414,No,0,,No,0,,Yes,121,"ABCA2, ACADVL, ACTG1",False,No,1
ZNF420,No,0,,No,0,,Yes,1,STAT3,False,No,1
ZNF426,No,0,,No,0,,Yes,7,"CTSW, EPHA4, FNIP2",False,No,1
ZNF428,No,0,,No,0,,Yes,2,"ACVR1, BRD3OS",False,No,1
ZNF43,No,0,,No,0,,Yes,50,"ACTN1, ANXA1, ARMCX5",False,No,1
ZNF430,No,0,,No,0,,Yes,10,"CHPT1, CYP1A1, GZMH",False,No,1
ZNF436,No,0,,No,0,,Yes,5,"ADRM1, FCGBP, IQCE",False,No,1
ZNF445,No,0,,No,0,,Yes,1,IL3,False,No,1
ZNF451,No,0,,No,0,,Yes,1,RSAD2,False,No,1
ZNF470,No,0,,No,0,,Yes,147,"ACADM, ACAT2, ACSL6",False,No,1
ZNF480,No,0,,No,0,,Yes,2,"EPHB1, ZNF808",False,No,1
ZNF485,No,0,,No,0,,Yes,4,"BIN1, CHD3, HPSE",False,No,1
ZNF486,No,0,,No,0,,Yes,7,"ARRB2, CSKMT, CWF19L1",False,No,1
ZNF492,No,0,,No,0,,Yes,14,"CERS2, GTPBP6, PI4KB",False,No,1
ZNF496,No,0,,No,0,,Yes,2,"TNFRSF4, TOX2",False,No,1
ZNF507,No,0,,No,0,,Yes,69,"AMDHD2, AP5Z1, APEX1",False,No,1
ZNF512,No,0,,No,0,,Yes,2,"CCDC88A, LCMT1",False,No,1
ZNF512B,No,0,,No,0,,Yes,204,"ACADM, ACAT2, ACOT7",False,No,1
ZNF513,No,0,,No,0,,Yes,2,"ATP12A, TBC1D1",False,No,1
ZNF518B,No,0,,No,0,,Yes,5,"FERMT3, IL22, NDEL1",False,No,1
ZNF519,No,0,,No,0,,Yes,4,"AKT2, CUX1, PRKAG2",False,No,1
ZNF526,No,0,,No,0,,Yes,25,"AAAS, ACP6, AEBP1",False,No,1
ZNF527,No,0,,No,0,,Yes,8,"CSF2, IFNG, IL2",False,No,1
ZNF530,No,0,,No,0,,Yes,3,"ATP6V0B, B4GALT2, ZIK1",False,No,1
ZNF544,No,0,,No,0,,Yes,2,"AP1G1, ZNF41",False,No,1
ZNF546,No,0,,No,0,,Yes,7,"CLU, CTSW, EIF4E3",False,No,1
ZNF549,No,0,,No,0,,Yes,36,"AIF1, APEH, BOLA3",False,No,1
ZNF550,No,0,,No,0,,Yes,3,"FAF2, SORD, STING1",False,No,1
ZNF552,No,0,,No,0,,Yes,5,"CTSW, FTL, FUT7",False,No,1
ZNF554,No,0,,No,0,,Yes,727,"AACS, AAK1, ABAT",False,No,1
ZNF557,No,0,,No,0,,Yes,1,SYNJ1,False,No,1
ZNF558,No,0,,No,0,,Yes,1,RRAD,False,No,1
ZNF559,No,0,,No,0,,Yes,11,"ARL6IP1, BMAL2, CD7",False,No,1
ZNF561,No,0,,No,0,,Yes,12,"ATP2B1, BCL2L11, DENND6B",False,No,1
ZNF562,No,0,,No,0,,Yes,9,"CEP85L, GLG1, HMGCS1",False,No,1
ZNF566,No,0,,No,0,,Yes,14,"ABHD5, CCL1, CDR2",False,No,1
ZNF567,No,0,,No,0,,Yes,1,ZNF358,False,No,1
ZNF571,No,0,,No,0,,Yes,1,NUBP2,False,No,1
ZNF576,No,0,,No,0,,Yes,2,"IRGQ, ZNF428",False,No,1
ZNF579,No,0,,No,0,,Yes,15,"APBB2, CCL5, CCR5",False,No,1
ZNF583,No,0,,No,0,,Yes,3,"ARRB1, ATP5MC2, ZNF582",False,No,1
ZNF584,No,0,,No,0,,Yes,1,CD69,False,No,1
ZNF586,No,0,,No,0,,Yes,14,"EFNB1, IL5, ISOC2",False,No,1
ZNF589,No,0,,No,0,,Yes,40,"ALKBH8, AP5S1, BCAS3",False,No,1
ZNF592,No,0,,No,0,,Yes,3,"CA6, IER3IP1, PTGIS",False,No,1
ZNF595,No,0,,No,0,,Yes,8,"CXCL10, LRRC32, P2RY10",False,No,1
ZNF597,No,0,,No,0,,Yes,7,"ATPAF1, BLOC1S1, EFCAB14",False,No,1
ZNF598,Yes,11,"AFG3L1P, AP1M1, BROX",No,0,,No,0,,False,No,1
ZNF600,No,0,,No,0,,Yes,12,"ANKRD33B, ARID5A, CAPN3",False,No,1
ZNF605,No,0,,No,0,,Yes,1,FSCN1,False,No,1
ZNF609,No,0,,Yes,16,"BRK1, CDC42SE1, CHCHD1",No,0,,False,No,1
ZNF613,No,0,,No,0,,Yes,1580,"AARSD1, ABCA2, ABCC1",False,No,1
ZNF614,No,0,,No,0,,Yes,3,"IL22, PER1, RCN1",False,No,1
ZNF619,No,0,,No,0,,Yes,6,"ACTR1B, AKR7A2, ANO6",False,No,1
ZNF620,No,0,,No,0,,Yes,3,"RUFY2, UBA2, ZNF621",False,No,1
ZNF621,No,0,,No,0,,Yes,1,LGALS1,False,No,1
ZNF623,No,0,,No,0,,Yes,6,"NFKBID, NR4A2, SLC25A16",False,No,1
ZNF626,No,0,,No,0,,Yes,2,"EIF2AK1, NPLOC4",False,No,1
ZNF627,No,0,,No,0,,Yes,50,"ACTN1, AHI1, ATP9A",False,No,1
ZNF628,No,0,,No,0,,Yes,11,"ACTL6A, BPNT2, CALM2",False,No,1
ZNF630,No,0,,No,0,,Yes,17,"ADA, BMP2K, CD200",False,No,1
ZNF639,No,0,,No,0,,Yes,13,"ALYREF, CBX1, CWC15",False,No,1
ZNF641,No,0,,No,0,,Yes,409,"AACS, ABCA2, ACBD5",False,No,1
ZNF644,No,0,,No,0,,Yes,544,"ABCA2, ABCB6, ABCF3",False,No,1
ZNF646,No,0,,No,0,,Yes,1,KCNN4,False,No,1
ZNF649,No,0,,No,0,,Yes,830,"AAMP, AASDHPPT, ABCD4",False,No,1
ZNF653,No,0,,No,0,,Yes,47,"ABHD6, ADGRG5, ARL3",False,No,1
ZNF655,No,0,,No,0,,Yes,48,"ACSS2, ADAM8, APP",False,No,1
ZNF658,No,0,,No,0,,Yes,16,"C1ORF21, HEG1, IFITM2",False,No,1
ZNF664,No,0,,No,0,,Yes,2,"CCDC92, SMARCA2",False,No,1
ZNF671,No,0,,No,0,,Yes,3,"CLTA, LIF, PAFAH1B1",False,No,1
ZNF672,No,0,,No,0,,Yes,2,"DMAC2L, MTM1",False,No,1
ZNF675,No,0,,No,0,,Yes,1,COCH,False,No,1
ZNF680,No,0,,No,0,,Yes,4,"CD8A, COCH, FHL3",False,No,1
ZNF681,No,0,,No,0,,Yes,1,RIMS3,False,No,1
ZNF682,No,0,,No,0,,Yes,1,CDH24,False,No,1
ZNF683,No,0,,Yes,521,"AAMP, AATF, ABHD14B",No,0,,False,No,1
ZNF684,No,0,,No,0,,Yes,4,"AP2S1, EXO5, LMNA",False,No,1
ZNF687,No,0,,No,0,,Yes,29,"AKR1C3, AP1G2, APOBEC3H",False,No,1
ZNF689,No,0,,No,0,,Yes,1,RAB6B,False,No,1
ZNF691,No,0,,No,0,,Yes,2,"KDM6A, SANBR",False,No,1
ZNF692,No,0,,No,0,,Yes,5,"ASH2L, CTDSP1, KIF1C",False,No,1
ZNF696,No,0,,No,0,,Yes,23,"ACOT13, ARHGAP15, CAMTA2",False,No,1
ZNF697,No,0,,No,0,,Yes,1,ABHD3,False,No,1
ZNF7,No,0,,No,0,,Yes,12,"ACSF3, ATP8B2, BCAP31",False,No,1
ZNF70,No,0,,No,0,,Yes,302,"ACBD6, ADNP, ADPRS",False,No,1
ZNF700,No,0,,No,0,,Yes,4,"CCNI2, NPTX1, PKD2",False,No,1
ZNF704,No,0,,No,0,,Yes,1,SULT1B1,False,No,1
ZNF706,No,0,,No,0,,Yes,11,"ARL3, COX20, CPPED1",False,No,1
ZNF71,No,0,,No,0,,Yes,217,"ACTG1, ALOX5AP, ALYREF",False,No,1
ZNF710,No,0,,No,0,,Yes,382,"ABCD2, ACSL6, ADNP2",False,No,1
ZNF714,No,0,,No,0,,Yes,6,"CD4, ERCC8, HPDL",False,No,1
ZNF718,No,0,,No,0,,Yes,6,"ACSF2, CTBS, FIS1",False,No,1
ZNF736,No,0,,No,0,,Yes,9,"ATL3, E2F6, HLTF",False,No,1
ZNF74,No,0,,No,0,,Yes,8,"COQ2, EGLN3, HPGDS",False,No,1
ZNF740,No,0,,No,0,,Yes,8,"CA2, ID2, IL24",False,No,1
ZNF75A,No,0,,No,0,,Yes,8,"ADAM8, IL5, MMD",False,No,1
ZNF75D,No,0,,No,0,,Yes,1,IFI27,False,No,1
ZNF76,No,0,,No,0,,Yes,35,"ATF3, CCSAP, CEND1",False,No,1
ZNF766,No,0,,No,0,,Yes,4,"HNRNPUL2, NUP88, ZFTRAF1",False,No,1
ZNF768,No,0,,No,0,,Yes,3,"HSPB1, IRF6, PLK2",False,No,1
ZNF770,No,0,,No,0,,Yes,3,"AQR, LY6E, TLX2",False,No,1
ZNF771,No,0,,No,0,,Yes,1,BTBD19,False,No,1
ZNF774,No,0,,No,0,,Yes,6,"APLP1, HMG20A, PDCD1",False,No,1
ZNF776,No,0,,No,0,,Yes,62,"ACIN1, ACSF3, ACTL6A",False,No,1
ZNF777,No,0,,No,0,,Yes,6,"CKB, DNAJC2, KCNG3",False,No,1
ZNF785,No,0,,No,0,,Yes,135,"ACADVL, ADAM19, ADAM8",False,No,1
ZNF786,No,0,,No,0,,Yes,6,"AGA, CLIC4, ERMP1",False,No,1
ZNF79,No,0,,No,0,,Yes,1,SLC2A8,False,No,1
ZNF790,No,0,,No,0,,Yes,198,"ABHD3, ABR, ACAP1",False,No,1
ZNF792,No,0,,No,0,,Yes,2,"ALDOC, PTGS2",False,No,1
ZNF8,No,0,,No,0,,Yes,2,"CMC4, KDM4B",False,No,1
ZNF800,No,0,,No,0,,Yes,14,"ADAM19, AEBP1, CIBAR1",False,No,1
ZNF816,No,0,,No,0,,Yes,4,"IL3, IRAK4, XCL2",False,No,1
ZNF821,No,0,,No,0,,Yes,3,"BAMBI, H3C8, IFIT1",False,No,1
ZNF827,No,0,,No,0,,Yes,12,"ACAT1, ATP8B3, CD74",False,No,1
ZNF837,No,0,,No,0,,Yes,471,"AACS, ABCA7, ABRACL",False,No,1
ZNF880,No,0,,No,0,,Yes,7,"CITED2, GALNS, IFIT2",False,No,1
ZNF891,No,0,,No,0,,Yes,3,"B4GALNT1, MLLT11, PSMC2",False,No,1
ZNF90,No,0,,No,0,,Yes,1,TEX29,False,No,1
ZNF91,No,0,,Yes,11,"CBFA2T2, FOS, MEA1",No,0,,False,No,1
ZNF92,No,0,,No,0,,Yes,330,"AAK1, ABCG2, ABI1",False,No,1
ZSCAN12,No,0,,No,0,,Yes,3,"GEM, ST20, TRIM3",False,No,1
ZSCAN18,No,0,,No,0,,Yes,9,"ARL8B, CCL3, DAZAP1",False,No,1
ZSCAN2,No,0,,No,0,,Yes,116,"AHNAK, ANXA1, ANXA6",False,No,1
ZSCAN21,No,0,,No,0,,Yes,2,"NNT, SLC39A11",False,No,1
ZSCAN22,No,0,,No,0,,Yes,3,"PCBD1, PMCH, TMPRSS13",False,No,1
ZSCAN25,No,0,,No,0,,Yes,60,"ACBD6, ANLN, APOL3",False,No,1
ZSCAN26,No,0,,No,0,,Yes,3,"RFK, ZKSCAN4, ZSCAN9",False,No,1
ZSCAN5A,No,0,,No,0,,Yes,1,SIN3A,False,No,1
ZXDC,No,0,,No,0,,Yes,3,"GDF11, IL2, MTA2",False,No,1
