,scPRINT2_CD4_rest,scPRINT2_CD4_act,scPRINT2_CD8_rest,scPRINT2_CD8_act,pySCENIC,Perturb-seq_CD4_Rest,Perturb-seq_CD4_Stim8hr,Perturb-seq_CD4_Stim48hr,total_combinations
YBX1,1,1,1,1,1,1,1,1,8
DEAF1,1,1,1,1,0,1,1,1,7
GPBP1,1,1,1,1,0,1,1,1,7
STAT5A,1,1,1,1,0,1,1,1,7
THAP7,1,1,1,1,0,1,1,1,7
XBP1,1,1,1,1,0,1,1,1,7
IRF1,1,0,1,1,1,1,1,1,7
MAFG,0,1,1,1,1,1,1,1,7
KLF2,1,1,1,1,1,1,0,0,6
EGR1,1,1,1,0,1,0,1,1,6
SREBF1,1,1,1,0,1,0,1,1,6
MYC,1,0,1,1,1,1,1,0,6
FOSL1,1,0,1,1,1,0,1,1,6
IRF8,1,0,1,1,1,0,1,1,6
ARID3A,1,0,1,0,1,1,1,1,6
GABPA,1,0,1,0,1,1,1,1,6
KLF9,1,0,1,0,1,1,1,1,6
ZBTB7B,1,0,1,0,1,1,1,1,6
ZFP82,1,0,1,0,1,1,1,1,6
ZNF780A,1,0,1,0,1,1,1,1,6
ZNF444,0,1,1,1,0,1,1,1,6
NFIL3,1,1,1,1,1,0,0,0,5
THAP1,1,1,1,1,1,0,0,0,5
SNAI3,1,1,1,1,0,0,0,1,5
DNTTIP1,1,1,0,0,0,1,1,1,5
NFE2L3,1,0,1,1,0,0,1,1,5
ZBTB39,1,0,1,0,1,1,1,0,5
BACH2,1,0,1,0,1,0,1,1,5
MBD2,1,0,1,0,0,1,1,1,5
ELF4,1,0,0,0,1,1,1,1,5
NR2C2,1,0,0,0,1,1,1,1,5
RFX2,0,1,1,0,1,0,1,1,5
ERF,0,1,0,1,1,1,0,1,5
NFKB2,0,1,0,1,1,1,0,1,5
ZFP14,0,1,0,1,0,1,1,1,5
GMEB1,0,1,0,0,1,1,1,1,5
E2F1,0,0,1,0,1,1,1,1,5
FOXP3,0,0,1,0,1,1,1,1,5
ZBTB14,0,0,1,0,1,1,1,1,5
ETS2,0,0,0,1,1,1,1,1,5
PKNOX1,0,0,0,1,1,1,1,1,5
REL,0,0,0,1,1,1,1,1,5
RFX5,0,0,0,1,1,1,1,1,5
SREBF2,0,0,0,1,1,1,1,1,5
DRAP1,1,1,1,1,0,0,0,0,4
GPBP1L1,1,1,1,1,0,0,0,0,4
HIVEP2,1,1,1,1,0,0,0,0,4
MBD4,1,1,1,1,0,0,0,0,4
PREB,1,1,1,1,0,0,0,0,4
ZNF24,1,1,1,1,0,0,0,0,4
ELF1,1,1,1,0,1,0,0,0,4
MAFF,1,1,1,0,1,0,0,0,4
NFYC,1,1,1,0,1,0,0,0,4
NR3C1,1,1,0,0,0,1,0,1,4
ZNF397,1,1,0,0,0,0,1,1,4
ZNF354C,1,0,1,0,1,1,0,0,4
HES6,1,0,1,0,1,0,1,0,4
IRF4,1,0,1,0,1,0,1,0,4
IRF5,1,0,1,0,1,0,1,0,4
TFCP2,1,0,1,0,1,0,1,0,4
ATF3,1,0,1,0,1,0,0,1,4
ZBTB32,1,0,1,0,0,1,1,0,4
ZBED2,1,0,1,0,0,0,1,1,4
SETBP1,1,0,0,1,1,0,0,1,4
BHLHE40,1,0,0,0,0,1,1,1,4
MYB,1,0,0,0,0,1,1,1,4
PRMT3,1,0,0,0,0,1,1,1,4
TFAP4,1,0,0,0,0,1,1,1,4
ZNF652,1,0,0,0,0,1,1,1,4
ZSCAN29,0,1,1,0,1,1,0,0,4
TFEB,0,1,0,1,1,0,0,1,4
ELK4,0,1,0,1,0,1,1,0,4
TEAD4,0,1,0,0,1,0,1,1,4
ZNF44,0,1,0,0,0,1,1,1,4
ARID3B,0,0,1,1,0,0,1,1,4
MEF2A,0,0,1,0,1,1,0,1,4
EGR2,0,0,1,0,1,0,1,1,4
EGR3,0,0,1,0,1,0,1,1,4
VDR,0,0,1,0,1,0,1,1,4
SPEN,0,0,1,0,0,1,1,1,4
BACH1,0,0,0,1,1,1,1,0,4
SRF,0,0,0,1,1,1,1,0,4
KLF13,0,0,0,1,1,0,1,1,4
TGIF2,0,0,0,1,0,1,1,1,4
ZNF263,0,0,0,1,0,1,1,1,4
ATF1,0,0,0,0,1,1,1,1,4
ATF4,0,0,0,0,1,1,1,1,4
ATF6B,0,0,0,0,1,1,1,1,4
BATF,0,0,0,0,1,1,1,1,4
BATF3,0,0,0,0,1,1,1,1,4
BPTF,0,0,0,0,1,1,1,1,4
CEBPB,0,0,0,0,1,1,1,1,4
CLOCK,0,0,0,0,1,1,1,1,4
CUX1,0,0,0,0,1,1,1,1,4
E2F3,0,0,0,0,1,1,1,1,4
E2F6,0,0,0,0,1,1,1,1,4
FOSL2,0,0,0,0,1,1,1,1,4
FOXN2,0,0,0,0,1,1,1,1,4
FOXO1,0,0,0,0,1,1,1,1,4
FOXO4,0,0,0,0,1,1,1,1,4
GATA3,0,0,0,0,1,1,1,1,4
IRF2,0,0,0,0,1,1,1,1,4
JUNB,0,0,0,0,1,1,1,1,4
JUND,0,0,0,0,1,1,1,1,4
KLF10,0,0,0,0,1,1,1,1,4
MAF,0,0,0,0,1,1,1,1,4
MAX,0,0,0,0,1,1,1,1,4
MEF2D,0,0,0,0,1,1,1,1,4
NFE2L1,0,0,0,0,1,1,1,1,4
NFKB1,0,0,0,0,1,1,1,1,4
PPARA,0,0,0,0,1,1,1,1,4
RARA,0,0,0,0,1,1,1,1,4
REST,0,0,0,0,1,1,1,1,4
RREB1,0,0,0,0,1,1,1,1,4
SP2,0,0,0,0,1,1,1,1,4
SP3,0,0,0,0,1,1,1,1,4
SP4,0,0,0,0,1,1,1,1,4
STAT1,0,0,0,0,1,1,1,1,4
STAT2,0,0,0,0,1,1,1,1,4
STAT5B,0,0,0,0,1,1,1,1,4
TBX21,0,0,0,0,1,1,1,1,4
TFDP1,0,0,0,0,1,1,1,1,4
THAP11,0,0,0,0,1,1,1,1,4
USF2,0,0,0,0,1,1,1,1,4
YY1,0,0,0,0,1,1,1,1,4
ZBTB5,0,0,0,0,1,1,1,1,4
ZEB1,0,0,0,0,1,1,1,1,4
ZNF274,0,0,0,0,1,1,1,1,4
ZNF384,0,0,0,0,1,1,1,1,4
PLSCR1,1,1,1,0,0,0,0,0,3
MTF1,1,1,0,0,0,0,1,0,3
ZNF121,1,1,0,0,0,0,0,1,3
ZNF277,1,1,0,0,0,0,0,1,3
ZNF326,1,1,0,0,0,0,0,1,3
ZNF48,1,1,0,0,0,0,0,1,3
NR2F6,1,0,1,1,0,0,0,0,3
BCL11A,1,0,1,0,1,0,0,0,3
CEBPA,1,0,1,0,1,0,0,0,3
ESR2,1,0,1,0,1,0,0,0,3
FOXB1,1,0,1,0,1,0,0,0,3
GATA1,1,0,1,0,1,0,0,0,3
HIVEP3,1,0,1,0,1,0,0,0,3
HLF,1,0,1,0,1,0,0,0,3
MAZ,1,0,1,0,1,0,0,0,3
NFIB,1,0,1,0,1,0,0,0,3
NFYA,1,0,1,0,1,0,0,0,3
NR1H3,1,0,1,0,1,0,0,0,3
PITX1,1,0,1,0,1,0,0,0,3
POU5F1B,1,0,1,0,1,0,0,0,3
PPARG,1,0,1,0,1,0,0,0,3
SOX4,1,0,1,0,1,0,0,0,3
SOX8,1,0,1,0,1,0,0,0,3
SPI1,1,0,1,0,1,0,0,0,3
TCF4,1,0,1,0,1,0,0,0,3
ZNF236,1,0,1,0,1,0,0,0,3
ZNF429,1,0,1,0,1,0,0,0,3
ZNF440,1,0,1,0,1,0,0,0,3
ZNF782,1,0,1,0,1,0,0,0,3
ZNF879,1,0,1,0,1,0,0,0,3
CSRNP1,1,0,0,0,0,1,0,1,3
MBD3,0,1,1,1,0,0,0,0,3
ZFP30,0,1,1,0,1,0,0,0,3
ZNF266,0,1,1,0,1,0,0,0,3
FOSB,0,1,0,1,1,0,0,0,3
HOXB2,0,1,0,0,1,0,1,0,3
ATF5,0,0,1,1,1,0,0,0,3
ELK1,0,0,1,1,1,0,0,0,3
ETV7,0,0,1,1,1,0,0,0,3
KLF6,0,0,1,0,1,1,0,0,3
TCF12,0,0,1,0,1,1,0,0,3
BRF2,0,0,1,0,1,0,1,0,3
NFATC2,0,0,0,1,0,1,1,0,3
POGK,0,0,0,1,0,1,1,0,3
HIF1A,0,0,0,1,0,0,1,1,3
PBX4,0,0,0,1,0,0,1,1,3
FOXO3,0,0,0,0,1,1,1,0,3
KLF3,0,0,0,0,1,1,1,0,3
TCF7,0,0,0,0,1,1,1,0,3
MLX,0,0,0,0,1,1,0,1,3
RELB,0,0,0,0,1,1,0,1,3
TFE3,0,0,0,0,1,1,0,1,3
ATF6,0,0,0,0,1,0,1,1,3
IRF7,0,0,0,0,1,0,1,1,3
RELA,0,0,0,0,1,0,1,1,3
ADNP,0,0,0,0,0,1,1,1,3
ADNP2,0,0,0,0,0,1,1,1,3
AEBP2,0,0,0,0,0,1,1,1,3
AHDC1,0,0,0,0,0,1,1,1,3
AHR,0,0,0,0,0,1,1,1,3
AKAP8L,0,0,0,0,0,1,1,1,3
ARID2,0,0,0,0,0,1,1,1,3
ARID5A,0,0,0,0,0,1,1,1,3
ARNT,0,0,0,0,0,1,1,1,3
ASH1L,0,0,0,0,0,1,1,1,3
ATF7,0,0,0,0,0,1,1,1,3
ATMIN,0,0,0,0,0,1,1,1,3
BAZ2A,0,0,0,0,0,1,1,1,3
BCL6,0,0,0,0,0,1,1,1,3
CAMTA1,0,0,0,0,0,1,1,1,3
CHAMP1,0,0,0,0,0,1,1,1,3
CIC,0,0,0,0,0,1,1,1,3
CREB1,0,0,0,0,0,1,1,1,3
CREBL2,0,0,0,0,0,1,1,1,3
CXXC1,0,0,0,0,0,1,1,1,3
DMTF1,0,0,0,0,0,1,1,1,3
DOT1L,0,0,0,0,0,1,1,1,3
DR1,0,0,0,0,0,1,1,1,3
E2F8,0,0,0,0,0,1,1,1,3
FLI1,0,0,0,0,0,1,1,1,3
FOXK1,0,0,0,0,0,1,1,1,3
FOXP4,0,0,0,0,0,1,1,1,3
GATAD2B,0,0,0,0,0,1,1,1,3
GLI4,0,0,0,0,0,1,1,1,3
GTF2I,0,0,0,0,0,1,1,1,3
HSF2,0,0,0,0,0,1,1,1,3
KDM2A,0,0,0,0,0,1,1,1,3
KLF7,0,0,0,0,0,1,1,1,3
KMT2B,0,0,0,0,0,1,1,1,3
L3MBTL3,0,0,0,0,0,1,1,1,3
LCOR,0,0,0,0,0,1,1,1,3
LCORL,0,0,0,0,0,1,1,1,3
LIN54,0,0,0,0,0,1,1,1,3
MGA,0,0,0,0,0,1,1,1,3
MSANTD4,0,0,0,0,0,1,1,1,3
MTERF2,0,0,0,0,0,1,1,1,3
MTF2,0,0,0,0,0,1,1,1,3
MYNN,0,0,0,0,0,1,1,1,3
MYSM1,0,0,0,0,0,1,1,1,3
NAIF1,0,0,0,0,0,1,1,1,3
NCOA1,0,0,0,0,0,1,1,1,3
NFE2L2,0,0,0,0,0,1,1,1,3
NR2C1,0,0,0,0,0,1,1,1,3
PA2G4,0,0,0,0,0,1,1,1,3
PBX3,0,0,0,0,0,1,1,1,3
PCGF6,0,0,0,0,0,1,1,1,3
PHF19,0,0,0,0,0,1,1,1,3
PHF20,0,0,0,0,0,1,1,1,3
PHF21A,0,0,0,0,0,1,1,1,3
POU2F2,0,0,0,0,0,1,1,1,3
PRDM15,0,0,0,0,0,1,1,1,3
PRR12,0,0,0,0,0,1,1,1,3
PURA,0,0,0,0,0,1,1,1,3
RARG,0,0,0,0,0,1,1,1,3
RBAK,0,0,0,0,0,1,1,1,3
RBCK1,0,0,0,0,0,1,1,1,3
RBPJ,0,0,0,0,0,1,1,1,3
REPIN1,0,0,0,0,0,1,1,1,3
REXO4,0,0,0,0,0,1,1,1,3
RFX1,0,0,0,0,0,1,1,1,3
RFX7,0,0,0,0,0,1,1,1,3
RLF,0,0,0,0,0,1,1,1,3
SAFB,0,0,0,0,0,1,1,1,3
SETDB1,0,0,0,0,0,1,1,1,3
SKI,0,0,0,0,0,1,1,1,3
SMAD4,0,0,0,0,0,1,1,1,3
SMYD3,0,0,0,0,0,1,1,1,3
SP1,0,0,0,0,0,1,1,1,3
SP100,0,0,0,0,0,1,1,1,3
SP110,0,0,0,0,0,1,1,1,3
SP140L,0,0,0,0,0,1,1,1,3
STAT3,0,0,0,0,0,1,1,1,3
STAT6,0,0,0,0,0,1,1,1,3
TBPL1,0,0,0,0,0,1,1,1,3
TERF1,0,0,0,0,0,1,1,1,3
TET2,0,0,0,0,0,1,1,1,3
TGIF1,0,0,0,0,0,1,1,1,3
THAP3,0,0,0,0,0,1,1,1,3
THAP5,0,0,0,0,0,1,1,1,3
TP73,0,0,0,0,0,1,1,1,3
USF3,0,0,0,0,0,1,1,1,3
VEZF1,0,0,0,0,0,1,1,1,3
WIZ,0,0,0,0,0,1,1,1,3
ZBED1,0,0,0,0,0,1,1,1,3
ZBTB2,0,0,0,0,0,1,1,1,3
ZBTB21,0,0,0,0,0,1,1,1,3
ZBTB33,0,0,0,0,0,1,1,1,3
ZBTB34,0,0,0,0,0,1,1,1,3
ZBTB40,0,0,0,0,0,1,1,1,3
ZBTB44,0,0,0,0,0,1,1,1,3
ZBTB48,0,0,0,0,0,1,1,1,3
ZBTB7A,0,0,0,0,0,1,1,1,3
ZFAT,0,0,0,0,0,1,1,1,3
ZFP1,0,0,0,0,0,1,1,1,3
ZFP64,0,0,0,0,0,1,1,1,3
ZFX,0,0,0,0,0,1,1,1,3
ZHX1,0,0,0,0,0,1,1,1,3
ZHX2,0,0,0,0,0,1,1,1,3
ZHX3,0,0,0,0,0,1,1,1,3
ZIK1,0,0,0,0,0,1,1,1,3
ZKSCAN1,0,0,0,0,0,1,1,1,3
ZNF100,0,0,0,0,0,1,1,1,3
ZNF12,0,0,0,0,0,1,1,1,3
ZNF14,0,0,0,0,0,1,1,1,3
ZNF140,0,0,0,0,0,1,1,1,3
ZNF141,0,0,0,0,0,1,1,1,3
ZNF146,0,0,0,0,0,1,1,1,3
ZNF148,0,0,0,0,0,1,1,1,3
ZNF16,0,0,0,0,0,1,1,1,3
ZNF160,0,0,0,0,0,1,1,1,3
ZNF18,0,0,0,0,0,1,1,1,3
ZNF180,0,0,0,0,0,1,1,1,3
ZNF184,0,0,0,0,0,1,1,1,3
ZNF200,0,0,0,0,0,1,1,1,3
ZNF202,0,0,0,0,0,1,1,1,3
ZNF211,0,0,0,0,0,1,1,1,3
ZNF25,0,0,0,0,0,1,1,1,3
ZNF256,0,0,0,0,0,1,1,1,3
ZNF264,0,0,0,0,0,1,1,1,3
ZNF280C,0,0,0,0,0,1,1,1,3
ZNF280D,0,0,0,0,0,1,1,1,3
ZNF282,0,0,0,0,0,1,1,1,3
ZNF284,0,0,0,0,0,1,1,1,3
ZNF296,0,0,0,0,0,1,1,1,3
ZNF316,0,0,0,0,0,1,1,1,3
ZNF317,0,0,0,0,0,1,1,1,3
ZNF318,0,0,0,0,0,1,1,1,3
ZNF322,0,0,0,0,0,1,1,1,3
ZNF33A,0,0,0,0,0,1,1,1,3
ZNF343,0,0,0,0,0,1,1,1,3
ZNF345,0,0,0,0,0,1,1,1,3
ZNF346,0,0,0,0,0,1,1,1,3
ZNF394,0,0,0,0,0,1,1,1,3
ZNF398,0,0,0,0,0,1,1,1,3
ZNF410,0,0,0,0,0,1,1,1,3
ZNF414,0,0,0,0,0,1,1,1,3
ZNF426,0,0,0,0,0,1,1,1,3
ZNF43,0,0,0,0,0,1,1,1,3
ZNF430,0,0,0,0,0,1,1,1,3
ZNF436,0,0,0,0,0,1,1,1,3
ZNF480,0,0,0,0,0,1,1,1,3
ZNF486,0,0,0,0,0,1,1,1,3
ZNF507,0,0,0,0,0,1,1,1,3
ZNF518B,0,0,0,0,0,1,1,1,3
ZNF526,0,0,0,0,0,1,1,1,3
ZNF549,0,0,0,0,0,1,1,1,3
ZNF550,0,0,0,0,0,1,1,1,3
ZNF552,0,0,0,0,0,1,1,1,3
ZNF554,0,0,0,0,0,1,1,1,3
ZNF561,0,0,0,0,0,1,1,1,3
ZNF562,0,0,0,0,0,1,1,1,3
ZNF566,0,0,0,0,0,1,1,1,3
ZNF583,0,0,0,0,0,1,1,1,3
ZNF586,0,0,0,0,0,1,1,1,3
ZNF589,0,0,0,0,0,1,1,1,3
ZNF595,0,0,0,0,0,1,1,1,3
ZNF597,0,0,0,0,0,1,1,1,3
ZNF600,0,0,0,0,0,1,1,1,3
ZNF613,0,0,0,0,0,1,1,1,3
ZNF623,0,0,0,0,0,1,1,1,3
ZNF641,0,0,0,0,0,1,1,1,3
ZNF644,0,0,0,0,0,1,1,1,3
ZNF649,0,0,0,0,0,1,1,1,3
ZNF653,0,0,0,0,0,1,1,1,3
ZNF655,0,0,0,0,0,1,1,1,3
ZNF664,0,0,0,0,0,1,1,1,3
ZNF671,0,0,0,0,0,1,1,1,3
ZNF684,0,0,0,0,0,1,1,1,3
ZNF687,0,0,0,0,0,1,1,1,3
ZNF692,0,0,0,0,0,1,1,1,3
ZNF696,0,0,0,0,0,1,1,1,3
ZNF7,0,0,0,0,0,1,1,1,3
ZNF70,0,0,0,0,0,1,1,1,3
ZNF706,0,0,0,0,0,1,1,1,3
ZNF710,0,0,0,0,0,1,1,1,3
ZNF714,0,0,0,0,0,1,1,1,3
ZNF718,0,0,0,0,0,1,1,1,3
ZNF736,0,0,0,0,0,1,1,1,3
ZNF76,0,0,0,0,0,1,1,1,3
ZNF766,0,0,0,0,0,1,1,1,3
ZNF770,0,0,0,0,0,1,1,1,3
ZNF785,0,0,0,0,0,1,1,1,3
ZNF786,0,0,0,0,0,1,1,1,3
ZNF800,0,0,0,0,0,1,1,1,3
ZNF827,0,0,0,0,0,1,1,1,3
ZNF92,0,0,0,0,0,1,1,1,3
ZSCAN2,0,0,0,0,0,1,1,1,3
ZSCAN21,0,0,0,0,0,1,1,1,3
ZSCAN25,0,0,0,0,0,1,1,1,3
ZSCAN26,0,0,0,0,0,1,1,1,3
ZXDC,0,0,0,0,0,1,1,1,3
SCML4,1,0,0,1,0,0,0,0,2
EGR4,1,0,0,0,1,0,0,0,2
GATA2,1,0,0,0,1,0,0,0,2
HINFP,1,0,0,0,1,0,0,0,2
KLF4,1,0,0,0,1,0,0,0,2
MEF2C,1,0,0,0,1,0,0,0,2
ZNF84,1,0,0,0,1,0,0,0,2
ETV5,0,1,0,0,1,0,0,0,2
NFATC1,0,0,1,1,0,0,0,0,2
PLAGL2,0,0,1,1,0,0,0,0,2
SNAPC2,0,0,1,1,0,0,0,0,2
CREB5,0,0,1,0,1,0,0,0,2
FOXJ3,0,0,1,0,1,0,0,0,2
GFI1B,0,0,1,0,1,0,0,0,2
MAFB,0,0,1,0,1,0,0,0,2
MEOX1,0,0,1,0,1,0,0,0,2
SOX2,0,0,1,0,1,0,0,0,2
SPIB,0,0,1,0,1,0,0,0,2
TEAD1,0,0,1,0,1,0,0,0,2
ZNF501,0,0,1,0,1,0,0,0,2
HEY1,0,0,0,1,1,0,0,0,2
ZNF239,0,0,0,1,1,0,0,0,2
SMAD3,0,0,0,1,0,0,1,0,2
ETV2,0,0,0,0,1,1,0,0,2
MXD3,0,0,0,0,1,1,0,0,2
ZNF764,0,0,0,0,1,1,0,0,2
ELK3,0,0,0,0,1,0,1,0,2
ETV6,0,0,0,0,1,0,1,0,2
HSF1,0,0,0,0,1,0,1,0,2
NR1D2,0,0,0,0,1,0,1,0,2
TBP,0,0,0,0,1,0,1,0,2
ZBTB17,0,0,0,0,1,0,1,0,2
ZFY,0,0,0,0,1,0,1,0,2
DDIT3,0,0,0,0,1,0,0,1,2
E2F4,0,0,0,0,1,0,0,1,2
FOS,0,0,0,0,1,0,0,1,2
HIC1,0,0,0,0,1,0,0,1,2
IKZF2,0,0,0,0,1,0,0,1,2
JUN,0,0,0,0,1,0,0,1,2
MAFK,0,0,0,0,1,0,0,1,2
TCF3,0,0,0,0,1,0,0,1,2
AHRR,0,0,0,0,0,1,1,0,2
CC2D1A,0,0,0,0,0,1,1,0,2
CGGBP1,0,0,0,0,0,1,1,0,2
CSRNP2,0,0,0,0,0,1,1,0,2
HOXB4,0,0,0,0,0,1,1,0,2
IKZF1,0,0,0,0,0,1,1,0,2
JRK,0,0,0,0,0,1,1,0,2
KLF11,0,0,0,0,0,1,1,0,2
MTERF4,0,0,0,0,0,1,1,0,2
NR1H2,0,0,0,0,0,1,1,0,2
PHF1,0,0,0,0,0,1,1,0,2
PURB,0,0,0,0,0,1,1,0,2
RUNX3,0,0,0,0,0,1,1,0,2
SMAD5,0,0,0,0,0,1,1,0,2
TMF1,0,0,0,0,0,1,1,0,2
TRERF1,0,0,0,0,0,1,1,0,2
ZBTB3,0,0,0,0,0,1,1,0,2
ZBTB9,0,0,0,0,0,1,1,0,2
ZNF101,0,0,0,0,0,1,1,0,2
ZNF189,0,0,0,0,0,1,1,0,2
ZNF253,0,0,0,0,0,1,1,0,2
ZNF268,0,0,0,0,0,1,1,0,2
ZNF281,0,0,0,0,0,1,1,0,2
ZNF354B,0,0,0,0,0,1,1,0,2
ZNF470,0,0,0,0,0,1,1,0,2
ZNF620,0,0,0,0,0,1,1,0,2
ZNF626,0,0,0,0,0,1,1,0,2
ZNF627,0,0,0,0,0,1,1,0,2
ZNF672,0,0,0,0,0,1,1,0,2
ZNF691,0,0,0,0,0,1,1,0,2
ZNF75A,0,0,0,0,0,1,1,0,2
ZNF792,0,0,0,0,0,1,1,0,2
E2F7,0,0,0,0,0,1,0,1,2
FBXL19,0,0,0,0,0,1,0,1,2
HMG20B,0,0,0,0,0,1,0,1,2
ISL2,0,0,0,0,0,1,0,1,2
KAT7,0,0,0,0,0,1,0,1,2
MSANTD3,0,0,0,0,0,1,0,1,2
NCOA3,0,0,0,0,0,1,0,1,2
NFAT5,0,0,0,0,0,1,0,1,2
PPARD,0,0,0,0,0,1,0,1,2
PRDM4,0,0,0,0,0,1,0,1,2
RXRB,0,0,0,0,0,1,0,1,2
THRA,0,0,0,0,0,1,0,1,2
ZBTB22,0,0,0,0,0,1,0,1,2
ZFP90,0,0,0,0,0,1,0,1,2
ZKSCAN5,0,0,0,0,0,1,0,1,2
ZNF107,0,0,0,0,0,1,0,1,2
ZNF225,0,0,0,0,0,1,0,1,2
ZNF227,0,0,0,0,0,1,0,1,2
ZNF354A,0,0,0,0,0,1,0,1,2
ZNF512B,0,0,0,0,0,1,0,1,2
ZNF519,0,0,0,0,0,1,0,1,2
ZNF592,0,0,0,0,0,1,0,1,2
ZNF619,0,0,0,0,0,1,0,1,2
ZNF682,0,0,0,0,0,1,0,1,2
ZNF700,0,0,0,0,0,1,0,1,2
ZNF71,0,0,0,0,0,1,0,1,2
ZNF816,0,0,0,0,0,1,0,1,2
ZNF880,0,0,0,0,0,1,0,1,2
ZSCAN22,0,0,0,0,0,1,0,1,2
BBX,0,0,0,0,0,0,1,1,2
CENPB,0,0,0,0,0,0,1,1,2
E2F5,0,0,0,0,0,0,1,1,2
ESRRA,0,0,0,0,0,0,1,1,2
FAM200B,0,0,0,0,0,0,1,1,2
HBP1,0,0,0,0,0,0,1,1,2
NR4A3,0,0,0,0,0,0,1,1,2
PATZ1,0,0,0,0,0,0,1,1,2
POU2AF1,0,0,0,0,0,0,1,1,2
RUNX2,0,0,0,0,0,0,1,1,2
SMAD1,0,0,0,0,0,0,1,1,2
ZKSCAN4,0,0,0,0,0,0,1,1,2
ZNF273,0,0,0,0,0,0,1,1,2
ZNF280B,0,0,0,0,0,0,1,1,2
ZNF302,0,0,0,0,0,0,1,1,2
ZNF34,0,0,0,0,0,0,1,1,2
ZNF362,0,0,0,0,0,0,1,1,2
ZNF428,0,0,0,0,0,0,1,1,2
ZNF492,0,0,0,0,0,0,1,1,2
ZNF530,0,0,0,0,0,0,1,1,2
ZNF544,0,0,0,0,0,0,1,1,2
ZNF546,0,0,0,0,0,0,1,1,2
ZNF576,0,0,0,0,0,0,1,1,2
ZNF579,0,0,0,0,0,0,1,1,2
ZNF614,0,0,0,0,0,0,1,1,2
ZNF639,0,0,0,0,0,0,1,1,2
ZNF680,0,0,0,0,0,0,1,1,2
ZNF697,0,0,0,0,0,0,1,1,2
ZNF74,0,0,0,0,0,0,1,1,2
ZNF740,0,0,0,0,0,0,1,1,2
ZNF777,0,0,0,0,0,0,1,1,2
ZNF790,0,0,0,0,0,0,1,1,2
HIVEP1,1,0,0,0,0,0,0,0,1
IKZF4,1,0,0,0,0,0,0,0,1
RUNX1,1,0,0,0,0,0,0,0,1
ZNF609,1,0,0,0,0,0,0,0,1
ZNF91,0,1,0,0,0,0,0,0,1
DBP,0,0,0,1,0,0,0,0,1
MSC,0,0,0,1,0,0,0,0,1
TRAFD1,0,0,0,1,0,0,0,0,1
ZBTB20,0,0,0,1,0,0,0,0,1
ZNF37A,0,0,0,1,0,0,0,0,1
ZNF683,0,0,0,1,0,0,0,0,1
ARNTL,0,0,0,0,1,0,0,0,1
ATF2,0,0,0,0,1,0,0,0,1
CEBPD,0,0,0,0,1,0,0,0,1
CEBPZ,0,0,0,0,1,0,0,0,1
CREB3,0,0,0,0,1,0,0,0,1
CREB3L2,0,0,0,0,1,0,0,0,1
CREM,0,0,0,0,1,0,0,0,1
CRX,0,0,0,0,1,0,0,0,1
CTCF,0,0,0,0,1,0,0,0,1
ELF2,0,0,0,0,1,0,0,0,1
EOMES,0,0,0,0,1,0,0,0,1
ETS1,0,0,0,0,1,0,0,0,1
FOXC1,0,0,0,0,1,0,0,0,1
FOXJ1,0,0,0,0,1,0,0,0,1
HMBOX1,0,0,0,0,1,0,0,0,1
HOXA10,0,0,0,0,1,0,0,0,1
IRF3,0,0,0,0,1,0,0,0,1
KLF1,0,0,0,0,1,0,0,0,1
KLF12,0,0,0,0,1,0,0,0,1
KLF5,0,0,0,0,1,0,0,0,1
LEF1,0,0,0,0,1,0,0,0,1
MYBL1,0,0,0,0,1,0,0,0,1
NFIC,0,0,0,0,1,0,0,0,1
NFYB,0,0,0,0,1,0,0,0,1
NRF1,0,0,0,0,1,0,0,0,1
PAX5,0,0,0,0,1,0,0,0,1
POU2F1,0,0,0,0,1,0,0,0,1
PRDM1,0,0,0,0,1,0,0,0,1
RORA,0,0,0,0,1,0,0,0,1
ZBTB18,0,0,0,0,1,0,0,0,1
ZNF143,0,0,0,0,1,0,0,0,1
ZNF226,0,0,0,0,1,0,0,0,1
ZNF598,0,0,0,0,1,0,0,0,1
CREBZF,0,0,0,0,0,1,0,0,1
ETV3,0,0,0,0,0,1,0,0,1
GTF3A,0,0,0,0,0,1,0,0,1
HSF4,0,0,0,0,0,1,0,0,1
MXD1,0,0,0,0,0,1,0,0,1
NACC2,0,0,0,0,0,1,0,0,1
NFX1,0,0,0,0,0,1,0,0,1
NPAS2,0,0,0,0,0,1,0,0,1
NR4A1,0,0,0,0,0,1,0,0,1
POU6F1,0,0,0,0,0,1,0,0,1
PRDM5,0,0,0,0,0,1,0,0,1
SLC2A4RG,0,0,0,0,0,1,0,0,1
SP140,0,0,0,0,0,1,0,0,1
TCFL5,0,0,0,0,0,1,0,0,1
TOPORS,0,0,0,0,0,1,0,0,1
TRPS1,0,0,0,0,0,1,0,0,1
ZBED5,0,0,0,0,0,1,0,0,1
ZBTB37,0,0,0,0,0,1,0,0,1
ZBTB41,0,0,0,0,0,1,0,0,1
ZBTB42,0,0,0,0,0,1,0,0,1
ZFP3,0,0,0,0,0,1,0,0,1
ZMAT1,0,0,0,0,0,1,0,0,1
ZNF133,0,0,0,0,0,1,0,0,1
ZNF213,0,0,0,0,0,1,0,0,1
ZNF22,0,0,0,0,0,1,0,0,1
ZNF221,0,0,0,0,0,1,0,0,1
ZNF224,0,0,0,0,0,1,0,0,1
ZNF232,0,0,0,0,0,1,0,0,1
ZNF254,0,0,0,0,0,1,0,0,1
ZNF260,0,0,0,0,0,1,0,0,1
ZNF304,0,0,0,0,0,1,0,0,1
ZNF311,0,0,0,0,0,1,0,0,1
ZNF337,0,0,0,0,0,1,0,0,1
ZNF35,0,0,0,0,0,1,0,0,1
ZNF445,0,0,0,0,0,1,0,0,1
ZNF496,0,0,0,0,0,1,0,0,1
ZNF527,0,0,0,0,0,1,0,0,1
ZNF621,0,0,0,0,0,1,0,0,1
ZNF646,0,0,0,0,0,1,0,0,1
ZNF658,0,0,0,0,0,1,0,0,1
ZNF681,0,0,0,0,0,1,0,0,1
ZNF689,0,0,0,0,0,1,0,0,1
ZNF776,0,0,0,0,0,1,0,0,1
CXXC5,0,0,0,0,0,0,1,0,1
DZIP1,0,0,0,0,0,0,1,0,1
EEA1,0,0,0,0,0,0,1,0,1
GLI1,0,0,0,0,0,0,1,0,1
HOMEZ,0,0,0,0,0,0,1,0,1
INSM1,0,0,0,0,0,0,1,0,1
JAZF1,0,0,0,0,0,0,1,0,1
KCMF1,0,0,0,0,0,0,1,0,1
KLF16,0,0,0,0,0,0,1,0,1
KMT2A,0,0,0,0,0,0,1,0,1
MLXIP,0,0,0,0,0,0,1,0,1
NFIX,0,0,0,0,0,0,1,0,1
NKRF,0,0,0,0,0,0,1,0,1
SETDB2,0,0,0,0,0,0,1,0,1
TIGD5,0,0,0,0,0,0,1,0,1
XPA,0,0,0,0,0,0,1,0,1
ZFHX3,0,0,0,0,0,0,1,0,1
ZFP41,0,0,0,0,0,0,1,0,1
ZNF131,0,0,0,0,0,0,1,0,1
ZNF132,0,0,0,0,0,0,1,0,1
ZNF169,0,0,0,0,0,0,1,0,1
ZNF212,0,0,0,0,0,0,1,0,1
ZNF292,0,0,0,0,0,0,1,0,1
ZNF324,0,0,0,0,0,0,1,0,1
ZNF41,0,0,0,0,0,0,1,0,1
ZNF420,0,0,0,0,0,0,1,0,1
ZNF485,0,0,0,0,0,0,1,0,1
ZNF558,0,0,0,0,0,0,1,0,1
ZNF584,0,0,0,0,0,0,1,0,1
ZNF605,0,0,0,0,0,0,1,0,1
ZNF630,0,0,0,0,0,0,1,0,1
ZNF675,0,0,0,0,0,0,1,0,1
ZNF704,0,0,0,0,0,0,1,0,1
ZNF75D,0,0,0,0,0,0,1,0,1
ZNF768,0,0,0,0,0,0,1,0,1
ZNF771,0,0,0,0,0,0,1,0,1
ZNF79,0,0,0,0,0,0,1,0,1
ZNF8,0,0,0,0,0,0,1,0,1
ZNF891,0,0,0,0,0,0,1,0,1
ZSCAN18,0,0,0,0,0,0,1,0,1
ZSCAN5A,0,0,0,0,0,0,1,0,1
CAMTA2,0,0,0,0,0,0,0,1,1
CENPS,0,0,0,0,0,0,0,1,1
EPAS1,0,0,0,0,0,0,0,1,1
FOXJ2,0,0,0,0,0,0,0,1,1
FOXK2,0,0,0,0,0,0,0,1,1
GTF2IRD1,0,0,0,0,0,0,0,1,1
HSF5,0,0,0,0,0,0,0,1,1
JDP2,0,0,0,0,0,0,0,1,1
MBNL2,0,0,0,0,0,0,0,1,1
MXI1,0,0,0,0,0,0,0,1,1
PIN1,0,0,0,0,0,0,0,1,1
SAFB2,0,0,0,0,0,0,0,1,1
SGSM2,0,0,0,0,0,0,0,1,1
TFDP2,0,0,0,0,0,0,0,1,1
ZBED4,0,0,0,0,0,0,0,1,1
ZFP62,0,0,0,0,0,0,0,1,1
ZFP69B,0,0,0,0,0,0,0,1,1
ZNF182,0,0,0,0,0,0,0,1,1
ZNF197,0,0,0,0,0,0,0,1,1
ZNF215,0,0,0,0,0,0,0,1,1
ZNF219,0,0,0,0,0,0,0,1,1
ZNF230,0,0,0,0,0,0,0,1,1
ZNF3,0,0,0,0,0,0,0,1,1
ZNF32,0,0,0,0,0,0,0,1,1
ZNF329,0,0,0,0,0,0,0,1,1
ZNF33B,0,0,0,0,0,0,0,1,1
ZNF350,0,0,0,0,0,0,0,1,1
ZNF396,0,0,0,0,0,0,0,1,1
ZNF451,0,0,0,0,0,0,0,1,1
ZNF512,0,0,0,0,0,0,0,1,1
ZNF513,0,0,0,0,0,0,0,1,1
ZNF557,0,0,0,0,0,0,0,1,1
ZNF559,0,0,0,0,0,0,0,1,1
ZNF567,0,0,0,0,0,0,0,1,1
ZNF571,0,0,0,0,0,0,0,1,1
ZNF628,0,0,0,0,0,0,0,1,1
ZNF774,0,0,0,0,0,0,0,1,1
ZNF821,0,0,0,0,0,0,0,1,1
ZNF837,0,0,0,0,0,0,0,1,1
ZNF90,0,0,0,0,0,0,0,1,1
ZSCAN12,0,0,0,0,0,0,0,1,1
